tree
version=v4
num_class=1
num_tree_per_iteration=1
label_index=0
max_feature_idx=7
objective=binary sigmoid:1
feature_names=view_count view_share seconds_since_first_view seconds_since_last_view revisit_count user_total_views distinct_items_viewed is_last_viewed
feature_infos=[1:246] [0.00015434480155818164:1] [0:11704325] [0:11704325] [0:163] [1:6479] [1:3809] [0:1]
tree_sizes=6819 6961 6954 6975 7017 7003 7040 7055 7080 7075 7090 7073 7088 7083 7081 7101 7081 7100 7100 7064 7091 7077 7090

Tree=0
num_leaves=63
num_cat=0
split_feature=0 3 0 2 2 0 2 2 2 3 1 6 2 2 2 3 4 0 5 5 5 1 2 4 0 3 5 4 0 3 3 2 1 1 6 5 4 3 3 2 3 2 4 1 6 0 1 4 3 4 1 4 0 0 2 1 2 4 3 1 2 6
split_gain=252875 48052.6 48774.9 39736.2 18691.7 14127.3 8778.04 6759.67 10053.1 6114.54 7112.08 5608.85 4995.82 4601.42 7982.06 5653.86 4474.55 3435.16 2786.89 2592.6 2408.74 2240.57 2028.66 2332.95 2010.33 1956.38 1926.31 1887.81 2043.49 1569.21 1416.84 1222.93 1923.1 1193.62 1092.09 1521.15 1079.23 968.018 1017.99 941.669 929.78 894.354 860.823 854.99 822.915 815.409 815.039 767.103 758.37 1019.06 749.893 739.976 932.869 718.383 1045.21 832.493 715.741 695.535 666.826 1764.79 1043.29 658.032
threshold=1.5000000000000002 46060.814453125007 2.5000000000000004 92575.996093750015 172.84450531005862 3.5000000000000004 4031.795043945313 63.71049880981446 5037.0371093750009 105006.55468750001 0.49545454978942877 5.5000000000000009 653416.40625000012 9809.7490234375018 538.12799072265636 1.0000000180025095e-35 1.5000000000000002 5.5000000000000009 109.50000000000001 9.5000000000000018 5.5000000000000009 0.51086956262588512 172.84450531005862 1.0000000180025095e-35 20.500000000000004 3163.888061523438 5.5000000000000009 1.0000000180025095e-35 13.500000000000002 860740.18750000012 1071.340515136719 1.0000000180025095e-35 0.058997564017772681 0.51086956262588512 31.500000000000004 59.500000000000007 2.5000000000000004 104.67199707031251 12899.940917968752 1859.070983886719 1071.340515136719 2427.547485351563 3.5000000000000004 0.16774892061948779 15.500000000000002 3.5000000000000004 0.99090909957885753 1.0000000180025095e-35 4899.1608886718759 1.0000000180025095e-35 0.083683475852012648 5.5000000000000009 4.5000000000000009 3.5000000000000004 273482.87500000006 0.67948719859123241 172811.97656250003 1.0000000180025095e-35 1.0000000180025095e-35 0.51086956262588512 378.61399841308599 10.500000000000002
decision_type=2 2 2 2 2 2 2 2 2 2 2 2 2 2 2 2 2 2 2 2 2 2 2 2 2 2 2 2 2 2 2 2 2 2 2 2 2 2 2 2 2 2 2 2 2 2 2 2 2 2 2 2 2 2 2 2 2 2 2 2 2 2
left_child=9 2 7 4 47 6 16 57 22 10 31 12 27 14 26 17 40 39 34 -19 -15 -10 23 -9 -14 33 -7 -5 42 45 36 32 -1 51 35 43 -17 -33 -39 46 -6 58 53 44 -13 -3 -16 -4 49 -8 -36 52 -22 -29 -55 -56 -46 -2 59 -24 -60 -45
right_child=1 29 3 11 5 13 48 8 21 -11 -12 18 24 20 15 30 -18 19 -20 -21 25 -23 41 -25 -26 -27 -28 28 -30 -31 -32 37 -34 -35 50 -37 -38 38 -40 -41 -42 -43 -44 61 56 -47 -48 -49 -50 -51 -52 -53 -54 54 55 -57 -58 -59 60 -61 -62 -63
leaf_value=-4.5950983145330984 -4.6672539946882843 -4.7075975884109056 -4.6091119496556887 -4.6147880694618841 -4.4189528954446464 -4.3861002215243721 -4.5886204701372488 -4.6014991145794726 -4.6223376242867715 -4.7412631675860624 -4.7213929115314182 -4.632075833306299 -4.6573427024070453 -4.5182737995557822 -4.3039361398707197 -4.3051316382020355 -4.565634024749242 -3.9633852270787591 -4.6789481992192083 -4.2578528318177415 -4.3632414058361633 -4.6773797211848018 -4.5128018907055294 -4.6711735812799899 -4.7505952785921606 -4.5628420652537791 -4.5526825359826057 -4.6076997811467884 -4.2875886347015735 -4.739415115250325 -4.5509093657377857 -4.7187434000415251 -4.6920982235862772 -4.4104743438321554 -4.3486110057241643 -4.6966295006355381 -4.4650484156540831 -4.6964546948914716 -4.718898025452277 -4.3257163256252857 -4.5771019567651221 -4.6215956718535702 -4.691985466635078 -4.4433837301697627 -4.0920414662846785 -4.6562204551584241 -4.1715037155062955 -4.6863533601548406 -4.660349637950274 -4.5087941117543933 -3.8390180341886184 -4.5589839370932443 -4.174092231720544 -4.5692855599985416 -4.5155233291650596 -4.3163486127093202 -4.4948946363698736 -4.7130780013785856 -4.6378647620313878 -4.5821803278146938 -4.5798233062152551 -4.292757717445939
leaf_weight=530.984080439237 5508.7793470179095 3987.253131763413 1169.2877784211742 2897.4131405502558 2914.1726557001093 305.28136664628983 1424.2410638362271 4289.0281145920162 2616.3649239228398 30119.771986673702 232726.05987563729 103.2577815297991 2227.3031927235425 664.19599944353104 221.46282887143752 265.91690107810427 688.84201675028453 187.88637149333954 173.75247871454485 135.15809533126594 134.56583603999752 6302.3166302740574 1060.7689334976094 1670.3525196966366 779.4225440248847 151.78450642572716 408.88027077553124 235.93878044933081 77.669667769223452 4123.943650245601 146.03584465629683 10475.23313266287 12949.858104625717 580.68663041852415 29.991235199617222 67.363646137993783 185.50594078090944 24227.956159414665 6382.7218143457867 496.22342739981832 98.28699100396625 1541.9960806927775 100.92434358969331 328.65183021314442 13.443629876710473 956.74666604762024 306.30101048946381 443.77425160701387 239.78159557025356 560.27579606732616 10.067964621819554 24.191059291712008 146.05566841651307 256.92984772846103 113.26543209701777 103.06559779495001 56.472212547436357 974.04901071533095 1167.9594768195311 6892.38452231884 2319.3298579317125 98.286859593354166
leaf_count=93235 39133 2806285 8500 16790 34419 1751 10355 33698 427125 25413348 1299248 5417 17242 3671 4065 8457 24224 1238 149283 3129 7166 35387 24649 27834 5546 25170 8466 3328 1090 6482102 16463 289047 240009 5589 6675 4854 8863 2045868 2079127 5351 9376 76114 1687 11754 1365 510581 1502 8233 55539 27263 1862 1648 7945 3613 1837 1201 5881 14145 30412 38708 117028 6752
internal_value=-4.70167 -4.61015 -4.59224 -4.52925 -4.47204 -4.44722 -4.49755 -4.62815 -4.61745 -4.71983 -4.71758 -4.61798 -4.6334 -4.37888 -4.33768 -4.28514 -4.45037 -4.22823 -4.49936 -4.08484 -4.44343 -4.66123 -4.59684 -4.62102 -4.68152 -4.39573 -4.48113 -4.59519 -4.53139 -4.71665 -4.41403 -4.70134 -4.68827 -4.36727 -4.45535 -4.47125 -4.37018 -4.70562 -4.70113 -4.27402 -4.42407 -4.58575 -4.55525 -4.446 -4.54123 -4.69765 -4.22622 -4.63034 -4.57615 -4.566 -4.20265 -4.2862 -4.26327 -4.53583 -4.50027 -4.4193 -4.40993 -4.67414 -4.58092 -4.5729 -4.59924 -4.40783
internal_weight=380396 62983.3 53915.3 19572 11898.8 10285.7 5925.6 34343.3 27860.5 317413 287293 7673.22 6791.93 4360.13 2658.65 1944.49 3701.3 1347.03 881.288 323.044 1701.48 8918.68 18941.8 5959.38 3006.73 1037.28 714.162 3785.21 887.794 9067.94 597.459 54566.8 13480.8 885.499 707.535 667.476 451.423 41085.9 30610.7 1023.99 3012.46 12982.4 810.124 600.112 173.174 4944 527.764 1613.06 2224.3 1984.52 40.0592 304.813 280.622 709.2 473.261 216.331 69.9158 6482.83 11440.4 7953.15 3487.29 426.939
internal_count=42657643 11197761 1398793 534560 288383 271650 161176 864233 810955 31459882 6046534 246177 52334 110474 59285 49068 68019 15285 193843 4367 51189 462512 348443 61532 22788 47518 10217 29546 12756 9798968 33783 4747286 333244 22348 44560 36023 17320 4414042 4124995 10918 43795 286911 11666 31169 12663 3316866 5567 16733 93157 37618 8537 16759 15111 9979 6651 3038 7246 53278 210797 63357 147440 18506
is_linear=0
shrinkage=1


Tree=1
num_leaves=63
num_cat=0
split_feature=0 3 0 2 2 3 1 0 2 2 2 4 0 4 4 2 2 1 3 2 4 5 6 2 2 7 5 4 3 6 0 3 3 3 1 0 2 3 2 2 2 2 4 1 6 5 3 6 0 6 3 3 6 6 4 1 2 5 6 2 2 3
split_gain=209553 35516.6 29022.3 21035.1 8726.79 5944.57 6648.19 5200.46 5023.43 7142.16 4955.18 3564.67 2807.95 2373.37 1957.94 1771.2 2313.43 1742.01 1489.5 1334.38 1305.46 1187.32 1101.23 1777.71 3033.33 1091.73 1560.72 1037.6 1027.68 988.745 955.731 891.935 929.776 862.892 855.666 755.375 740.176 706.949 939.146 654.284 608.289 576.682 576.24 566.25 560.354 547.396 541.963 522.318 516.763 508.612 488.636 972.967 481.849 460.78 454.04 568.276 449.266 439.708 602.564 436.067 434.766 721.677
threshold=1.5000000000000002 46060.814453125007 2.5000000000000004 136796.29687500003 172.84450531005862 105006.55468750001 0.49545454978942877 3.5000000000000004 63.71049880981446 5037.0371093750009 4031.795043945313 1.0000000180025095e-35 19.500000000000004 6.5000000000000009 1.5000000000000002 8040.6879882812509 538.12799072265636 0.51086956262588512 926805.68750000012 172.84450531005862 1.5000000000000002 5.5000000000000009 6.5000000000000009 496889.00000000006 413387.51562500006 1.0000000180025095e-35 42.500000000000007 2.5000000000000004 1.0000000180025095e-35 18.500000000000004 4.5000000000000009 104.67199707031251 12899.940917968752 4899.1608886718759 0.1440781503915787 3.5000000000000004 1116373.5000000002 777.51098632812511 1399.3349609375002 261.00900268554693 109.64049911499025 2427.547485351563 1.0000000180025095e-35 0.20198300480842593 12.500000000000002 25.500000000000004 1453.2075195312502 10.500000000000002 5.5000000000000009 2.5000000000000004 4899.1608886718759 261.13798522949224 26.500000000000004 2.5000000000000004 1.0000000180025095e-35 0.083683475852012648 1023528.5625000001 30.500000000000004 10.500000000000002 742.76950073242199 378.61399841308599 1.0000000180025095e-35
decision_type=2 2 2 2 2 2 2 2 2 2 2 2 2 2 2 2 2 2 2 2 2 2 2 2 2 2 2 2 2 2 2 2 2 2 2 2 2 2 2 2 2 2 2 2 2 2 2 2 2 2 2 2 2 2 2 2 2 2 2 2 2 2
left_child=5 2 8 4 42 6 25 10 -2 19 14 12 36 22 -6 16 27 50 35 28 30 -17 23 24 -13 31 34 39 -10 -15 59 -1 -33 -23 -27 -3 -5 38 -22 -9 -8 60 -4 -24 -7 -25 -42 -37 -40 -43 51 57 -51 -36 -12 -56 -46 -11 -59 -18 61 -21
right_child=1 18 3 11 7 44 40 15 9 17 54 13 -14 29 -16 21 20 -19 -20 41 37 33 43 45 -26 26 -28 -29 -30 -31 -32 32 -34 -35 53 47 -38 -39 48 -41 46 49 -44 -45 56 -47 -48 -49 -50 52 -52 -53 -54 -55 55 -57 -58 58 -60 -61 -62 -63
leaf_value=-0.016500251360083238 0.02542954558969614 -0.0063710526926881398 0.080109410910521317 0.070699924385719842 0.19931019512078868 -0.04538649185758107 -0.019537193035098075 0.1188223833520281 0.079483573164246535 0.056715325237114325 0.086819791253231554 0.12634726543093747 -0.047227944098151731 -0.030357454363319304 0.11270793716686925 0.14088723879545526 0.33205606340143046 0.022518949767211756 -0.037913583778041916 0.10084897278806962 0.16372279899246422 0.22144732307804565 0.15244651324998096 0.079506260159215858 0.40768733141192703 0.036501505274115609 0.17977769604157368 0.050193865186187181 0.025818660970013937 0.25417016179560115 0.3224020127725738 0.0049295820829832297 -0.016652323757756955 0.10881433443417106 0.024899248306204921 0.0081322871649245464 0.023113822295448484 0.087925076456379439 0.23172430973781932 0.22310644227481574 0.0061277529231227937 0.049202755521187407 0.014331088995275574 0.25124675376919053 -0.021614508336925277 -0.039721612943465795 -0.026893588044850175 0.079671582358320669 0.35080684928513278 0.12592178349484692 0.041342406853062154 0.14618862045611858 0.0039187982388956986 -0.00054562958058952367 0.028670123368479461 0.14505096921595534 -0.040285891603736593 0.68176135751241906 0.14009146115600299 0.23709038603625415 0.10888324837241155 0.05684633108587217
leaf_weight=10301.052401913279 6661.2820510217643 4064.1596400316448 1280.4472173343238 3292.940349556171 3954.7495601744595 16046.110350310773 222227.74656482786 218.37248348575667 5382.2636658823612 1289.1948010539636 1878.7043874667943 611.32431544736028 726.05270231235772 322.83259057253599 787.15733339837607 1002.7406685650349 147.63171946775401 6454.42635563761 3850.0699004896851 3775.1790560625086 343.14142177722533 1587.7864119859514 370.15224131139257 734.34354402124882 113.09496927633882 2618.5665129767949 137.11686283633026 157.0668630582004 1070.8030245023547 32.712219887915126 872.3916699451147 24352.376734839709 6275.6374312461485 193.76364478423056 2237.7433436661959 544.83922517485917 1088.4987609898672 108.33034898633196 257.42130596716743 513.53481175277557 4284.7556667625904 1060.4190857410431 450.49902754357026 247.39568460267037 6159.306701679594 110.15095517039299 1748.9451755285263 479.28130971844803 153.00034635000338 511.44135193806142 996.70105616115325 478.22291564826446 96.186219324379636 8668.2348929792643 121.29487813229935 802.11128662107512 6765.3837901666157 4.7573604062199584 59.305570237382199 912.83624111934478 7864.5736376485002 1243.4367337440272
leaf_count=289047 53278 2915185 8500 19084 43795 353257 1238925 1815 39921 26761 26024 7937 4020 10179 24224 4638 1025 35387 6353228 26789 7523 31553 143293 10123 1333 102027 62187 3741 21611 17230 7443 2045868 2079127 28888 21157 13159 5969 9459 6701 4661 42841 5857 8233 8582 8405484 1677 17482 517396 3575 17987 309120 73387 52270 147873 56848 17073 16654607 133 17724 9414 153596 30412
internal_value=-9.65891e-05 0.0785619 0.0923404 0.135921 0.168971 -0.0175727 -0.0153632 0.182055 0.0647462 0.0733924 0.153803 0.0678889 0.043795 0.116263 0.184961 0.214978 0.237808 0.0368629 -0.0144533 0.0895336 0.260203 0.184699 0.135737 0.113337 0.170771 0.000311516 0.0125496 0.167192 0.070584 -0.00353979 0.283164 -0.00377363 0.00050708 0.209265 0.010841 0.00330191 0.0588859 0.208442 0.225628 0.192197 -0.0191119 0.0979319 0.063008 0.192369 -0.0391437 0.0639263 -0.00344677 0.0416572 0.276862 0.0701797 0.069579 0.0849145 0.106647 0.00467708 0.101028 0.129811 -0.0313903 0.0631691 0.190177 0.250611 0.101519 0.0899602
internal_weight=381102 69279 60340.7 23392.5 15743 311823 282852 14012 36948.2 30286.9 7544.02 7649.5 5107.49 2542.01 4741.91 6468.02 3683.73 9282.61 8938.35 21004.3 2794.75 2784.29 2186.46 1568.91 724.419 54590.7 13661.7 888.974 6453.07 355.545 1932.86 40929.1 30628 1781.55 13524.5 5088.28 4381.44 861.893 753.563 731.907 228261 14551.2 1730.95 617.548 28970.8 844.494 6033.7 1024.12 410.422 1668.05 2828.18 1831.48 607.628 10906 2802.11 923.406 12924.7 1353.26 64.0629 1060.47 12883.2 5018.62
internal_count=42657643 11197761 1398793 534560 305133 31459882 6046534 288400 864233 810955 167964 229427 29073 200354 68019 120436 55357 462512 9798968 348443 45140 65079 172945 21070 9270 4747286 333244 10217 61532 27409 17882 4414042 4124995 60441 271057 3445740 25053 27258 17799 6476 1299248 286911 16733 151875 25413348 11800 60323 530555 10276 76114 427125 118005 70257 169030 99945 73921 25060091 44618 17857 10439 210797 57201
is_linear=0
shrinkage=0.05


Tree=2
num_leaves=63
num_cat=0
split_feature=0 3 0 2 3 5 2 2 2 1 0 0 2 4 3 1 6 2 2 4 2 1 2 2 3 3 3 3 6 0 2 5 4 0 2 4 3 6 2 0 3 2 6 0 2 2 2 2 2 0 6 2 4 5 3 2 2 6 2 3 3 0
split_gain=176816 27262.9 18993.5 12947.6 5770.92 6207.13 5407.31 3822.31 5248.95 2721.87 2565.78 2357.73 2299.89 1636.96 1416.98 1381.84 1048.34 1490.74 3325.14 1043.66 974.711 1336.22 920.018 836.955 833.356 820.407 774.483 738.561 678.374 671.706 641.546 1108.72 1047.43 685.184 647.638 582.111 573.1 568.131 557.224 554.958 553.097 582.653 1500.08 529.209 883.457 509.437 499.359 490.76 462.281 686.448 450.545 445.418 442.855 437.491 433.137 427.299 502.885 736.192 426.484 420.955 438.026 417.012
threshold=1.5000000000000002 46060.814453125007 2.5000000000000004 89196.699218750015 105006.55468750001 2.5000000000000004 172.84450531005862 63.71049880981446 5037.0371093750009 0.99090909957885753 3.5000000000000004 20.500000000000004 4031.795043945313 7.5000000000000009 1141780.5625000002 0.34057971835136419 5.5000000000000009 428395.92187500006 384522.92187500006 1.5000000000000002 1.0000000180025095e-35 0.071858864277601256 172.84450531005862 261.00900268554693 59.939498901367195 1917.631530761719 1.0000000180025095e-35 12899.940917968752 26.500000000000004 3.5000000000000004 28797.424804687504 9.5000000000000018 2.5000000000000004 4.5000000000000009 71992.031250000015 1.0000000180025095e-35 104.67199707031251 12.500000000000002 1116373.5000000002 8.5000000000000018 4899.1608886718759 28797.424804687504 2.5000000000000004 5.5000000000000009 185494.68750000003 1149222.7500000002 742.76950073242199 2427.547485351563 1031.2100219726565 6.5000000000000009 10.500000000000002 1023528.5625000001 1.0000000180025095e-35 50.500000000000007 4899.1608886718759 5356221.2500000009 1900044.7500000002 18.500000000000004 5037.0371093750009 104.67199707031251 1453.2075195312502 4.5000000000000009
decision_type=2 2 2 2 2 2 2 2 2 2 2 2 2 2 2 2 2 2 2 2 2 2 2 2 2 2 2 2 2 2 2 2 2 2 2 2 2 2 2 2 2 2 2 2 2 2 2 2 2 2 2 2 2 2 2 2 2 2 2 2 2 2
left_child=4 2 7 6 5 36 52 35 22 13 12 38 19 16 29 40 17 18 39 -8 21 53 26 -12 -22 30 -9 -26 -15 -3 32 34 33 -25 -32 -2 -1 -6 43 -5 41 42 -10 -11 -45 59 -34 -38 -35 -50 -31 -39 -4 -7 -14 56 -18 61 -51 -17 -61 -58
right_child=1 14 3 9 37 20 10 8 15 11 23 -13 54 28 -16 45 55 -19 -20 -21 24 -23 -24 25 27 -27 -28 -29 -30 50 31 -33 46 48 -36 -37 47 51 -40 -41 -42 -43 -44 44 -46 -47 -48 -49 49 58 -52 -53 -54 -55 -56 -57 57 -59 -60 60 -62 -63
leaf_value=-0.01893544886110184 0.029548410428219443 -0.0074386801078281974 0.070218658391341657 0.11340967243855536 -0.04513672385071079 0.056784711310519848 0.15509941157662999 0.069707719820615563 0.5883381817909541 0.047450932485033133 0.084104138624903749 -0.050339414803439314 0.096593078677259164 -0.033516085672076111 -0.040074554583338376 0.024469869393863586 0.13818814974423865 0.048482369873106571 0.38944273830186599 0.095625579555995835 -0.019756046613332325 0.0077492986860192613 0.084286396318492801 0.17572465725170316 0.0030206383185769525 0.096232474836059678 0.023900238364669663 -0.016087626201876478 0.25418732903396735 0.0045642998920557201 0.090913476092403869 0.21318067988900069 0.064592130842972995 0.17738977300084408 0.16970097035704934 -0.011946734184202244 0.0041409009219710606 -0.020986425795568014 0.02014522785979499 0.0083043928999554338 0.038988169022069724 0.067529114110908839 0.11942259044233342 0.16875305828258003 0.066624740345943664 -0.016587484057942973 0.15471535982005891 -0.029540856477300977 0.20870621922541535 0.33418019428156831 0.067278025871982602 -0.039858675661832307 0.013421352737103749 0.15594234235761584 0.029997441297549395 -0.03030198954312617 0.17858595620244327 0.045582084096459058 0.22828172551887055 0.13601594895694055 0.034449803391743507 0.40006075839467548
leaf_weight=217843.76741400355 5842.039819663456 4404.938246798989 1384.9642609543225 1020.2570262216032 15345.893980816028 730.86247321544943 4801.8672000568768 5818.0957195480223 16.975633628666401 2286.7377331703901 286.58496631646995 628.6118124127388 2447.8153734661319 295.08483032602817 3265.4816240858199 6319.4893623031676 934.14279979361163 1256.3123368173838 108.08318198099732 878.90850610489724 6675.1024891111228 12972.456525880843 16018.028303329083 2336.5585962581972 27930.841387950291 346.52289729416225 1098.2583304578802 6173.8025216863316 21.01472714197007 580.21577469259501 702.68570511043072 456.58332975952362 204.36716487174999 567.84988666702702 419.38300339877605 987.55289841057674 4775.7832400202751 6029.8356971260437 1019.6184780150652 143.38694352284074 897.08608879334497 865.49167025494535 370.62119530369819 265.10104933381081 1053.5645425021648 714.56659488752484 645.93056178440747 1397.0106891542673 981.14327304525796 224.507409861224 564.82135589595782 6502.6935357435577 456.88114172170754 130.91017860770808 272.45057631225791 33.093580556262168 37.621525370515883 34.884552575502312 186.54479980197357 175.50343592837453 268.77612180635333 57.471322645433247
leaf_count=1237306 39133 3436971 8500 10865 353257 45198 43795 39921 128 9581 2725 3338 36975 10164 5745989 36582 131698 14574 935 24224 184843 229367 286911 18403 2150072 38421 21611 2079127 12352 13919 3336 9736 4404 3751 2005 14145 47605 8405484 4686 1417 307396 81585 27534 1029 4491 4378 16870 14337 6613 1320 602089 16654607 8233 58679 54984 6496 1217 34605 1172 1929 2980 1645
internal_value=-0.000156918 0.0686528 0.0796539 0.112129 -0.0169952 -0.014825 0.13725 0.0575606 0.0646935 0.0640318 0.146724 0.0404571 0.127803 0.0954375 -0.0139463 0.0337065 0.10495 0.0871709 0.125322 0.145916 0.000289387 0.0117572 0.0777007 0.168306 -0.00360119 0.171706 0.0624384 -0.000438811 -0.0136479 0.00143143 0.175579 0.147413 0.184188 0.194254 0.120486 0.0235474 -0.0185097 -0.0386845 0.0528059 0.100477 0.0690246 0.0904794 0.141421 0.0620343 0.0872687 0.023544 0.133156 -0.00348542 0.216242 0.231951 0.0355313 -0.030781 0.0561447 0.0720108 0.0899366 0.145798 0.151298 0.243745 0.286792 0.0277855 0.0747868 0.315209
internal_weight=381513 75004.5 66189 26796.5 306509 278631 17601.5 39392.5 32562.9 9194.99 15759.7 5253.63 8401.04 3941.35 8815.46 9628.51 3625.25 2528.04 1271.73 5680.78 54614 13834.2 22934.4 7358.66 40779.7 7072.08 6916.35 34104.6 316.1 5549.98 6725.55 1578.65 5146.9 4296.6 1122.07 6829.59 224017 27878.4 4625.02 1163.64 2150.17 1253.09 387.597 3605.4 1318.67 7478.34 850.298 6172.79 1960.05 1392.2 1145.04 12532.5 1841.85 861.773 2720.27 1097.21 1064.12 129.977 411.052 6763.77 444.28 95.0928
internal_count=42657643 11197761 1398793 534560 31459882 6046534 285467 864233 810955 249093 268734 23125 159978 225968 9798968 462512 203452 27791 13217 68019 4747286 333244 348443 108756 4414042 106031 61532 4229199 22516 4052979 67610 15077 52533 31259 5341 53278 1299248 25413348 19787 12282 416643 109247 27662 15101 5520 45869 21274 61942 12856 9105 616008 25060091 16733 103877 91959 175661 169165 37467 2492 41491 4909 2862
is_linear=0
shrinkage=0.05


Tree=3
num_leaves=63
num_cat=0
split_feature=0 3 0 2 3 5 2 2 2 0 2 3 6 0 2 1 3 7 1 3 2 2 4 3 4 3 2 1 6 5 2 2 4 1 6 2 2 4 5 3 2 0 2 3 3 5 1 2 6 6 3 3 6 1 6 3 2 4 5 2 3 4
split_gain=150918 21654.2 13086.7 8361.85 5594.01 5789.65 3171.56 2903.58 4149.04 1923.71 4024.04 1836.39 1705.32 1352.05 1381.57 1011.98 994.074 871.388 1096.07 777.475 798.104 697.86 1009.69 695.609 689.556 679.402 649.308 636.226 575.326 567.137 539.183 512.862 504.273 494.076 662.233 480.125 570.815 554.419 478.449 469.39 465.457 447.659 440.906 418.422 407.241 401.809 396.085 393.041 382.464 379.956 379.313 522.293 373.971 370.554 474.654 364.353 358.102 357.851 355.157 454.371 342.652 342.242
threshold=1.5000000000000002 82478.183593750015 2.5000000000000004 136796.29687500003 105006.55468750001 2.5000000000000004 172.84450531005862 63.71049880981446 5037.0371093750009 20.500000000000004 434170.00000000006 2486.7399902343755 6.5000000000000009 3.5000000000000004 4031.795043945313 0.51086956262588512 1141780.5625000002 1.0000000180025095e-35 0.071858864277601256 104.67199707031251 4031.795043945313 109.64049911499025 1.0000000180025095e-35 1.0000000180025095e-35 4.5000000000000009 59.939498901367195 948933.75000000012 0.49545454978942877 12.500000000000002 5.5000000000000009 109.64049911499025 1031.2100219726565 1.0000000180025095e-35 0.1440781503915787 15.500000000000002 261.00900268554693 28797.424804687504 2.5000000000000004 9.5000000000000018 1453.2075195312502 544951.18750000012 3.5000000000000004 1023528.5625000001 28.184000015258793 1917.631530761719 130.50000000000003 0.49545454978942877 1116373.5000000002 8.5000000000000018 10.500000000000002 4899.1608886718759 261.13798522949224 2.5000000000000004 0.16774892061948779 2.5000000000000004 1071.340515136719 1149222.7500000002 1.5000000000000002 3.5000000000000004 63.71049880981446 104.67199707031251 4.5000000000000009
decision_type=2 2 2 2 2 2 2 2 2 2 2 2 2 2 2 2 2 2 2 2 2 2 2 2 2 2 2 2 2 2 2 2 2 2 2 2 2 2 2 2 2 2 2 2 2 2 2 2 2 2 2 2 2 2 2 2 2 2 2 2 2 2
left_child=4 2 7 6 5 30 58 32 21 12 -11 13 24 14 23 50 41 19 -19 -7 -21 22 -9 27 25 26 29 -8 -6 -5 -1 -25 46 34 -14 -15 37 48 -38 -32 -35 -3 -30 -42 -27 47 -2 -36 -37 -43 51 -10 -16 -20 -55 57 -17 60 59 -4 -33 -40
right_child=1 16 3 9 28 17 11 8 15 10 -12 -13 33 35 52 56 -18 18 53 20 -22 -23 -24 31 -26 44 -28 -29 42 -31 39 55 -34 40 45 36 38 -39 61 -41 43 49 -44 -45 -46 -47 -48 -49 -50 -51 -52 -53 -54 54 -56 -57 -58 -59 -60 -61 -62 -63
leaf_value=-0.018330053890930301 0.087344697315505801 -0.011329518789435378 0.025605020679593578 0.04295917970796459 -0.04487857481104375 -0.015526490756236697 0.19095829679978182 0.063772189241510513 0.049845383623023591 0.34387634321468874 -0.043630850742530647 0.051805714962812645 -0.012010201157696699 0.07348820360524326 0.069757134452965511 0.022890000911196192 -0.039642173637184829 0.063596519534696999 0.022827771785018193 0.0058279506805698454 -0.011755392579715992 0.071901349766061814 0.005496857044394946 0.071747063841044123 -0.041821692912445835 0.15420211667973299 0.024810971674987813 0.12487813188827712 -0.020363854330738378 0.078454162718337939 0.0055555392398519915 0.10006454294454058 -0.0114873112928063 0.10676347801883845 0.20356354067972729 0.1492399203880356 0.10166571492437258 0.11053503009774457 0.16071942887748114 -0.025679150367498793 0.1375293255833378 -0.006093275553992715 -0.039420078548645189 0.25907431653368879 0.054208639961719429 0.044808091264765815 0.024503302102271092 0.045950871995531405 0.22638260814774067 0.055397763171944094 0.032604905730352858 0.10474590522099519 0.11210703096544779 0.022932321256524179 -0.0030771395410142087 0.066765026761357121 -0.016738025318873539 0.08635581752119792 0.029992048484186958 0.098815771412843589 0.216497437339777 0.053402614065755194
leaf_weight=213986.50972679252 261.37954577593337 3775.5917041606444 329.85805794596672 2234.7546860128641 14679.345549916863 10017.346744734477 400.76516633514257 2896.2465899859963 1531.991411306888 71.558275705727283 873.00092937235604 1014.5879191394051 133.60117717925459 311.03923704352201 2293.4188957512379 6147.0641027837992 3139.2649772926306 925.03678993365611 2969.7841759733856 21377.104666369924 9243.0692140325373 20849.120633645092 1000.0618197454314 1064.8287929619619 187.91651308164001 265.03945680707693 1726.6176693364978 4399.5889447331429 5906.6871228057389 2276.8743226639926 4328.1925315260887 92.424947639665334 976.03656160314858 299.88056812761351 150.69458710635081 5032.9372447170317 1699.2513539940119 981.93259879993275 696.63561154773924 1664.5966971889138 152.95778134930879 478.23855368979275 6252.6638675103204 139.28935250500217 167.49438781663775 114.43629841527581 5752.414505071938 54.451978947967291 169.10346488384675 527.79224580700247 1500.0009273924225 605.62206592097937 679.43945310857089 2258.3253343105316 7843.3995317034423 174.46848274987133 627.6392317712307 144.6261674118723 1020.1541347546081 596.33162632584572 219.67228314629756 84.570506864547497
leaf_count=1238925 9876 3210262 1275 10282 353257 289047 8075 17447 44618 658 14371 161901 5619 2725 10027 32267 5745989 103877 81102 1335666 2789329 317500 13496 18866 2875 3342 11562 16411 8405484 15556 42841 978 14145 8500 13530 21409 7400 22347 11987 17482 4222 11496 16654607 4380 2281 177275 29257 5196 11059 559996 481156 73387 21880 20714 127551 9423 3443 5422 13153 2305 4253 2881
internal_value=-0.000199849 0.060701 0.0692878 0.0943783 -0.0164272 -0.0142977 0.111279 0.0512755 0.0571271 0.053485 -0.0139413 0.117367 0.0615434 0.12097 0.107756 0.0306435 -0.0177862 0.000270073 0.0110292 -0.00343583 0.000519996 0.0682692 0.04882 0.120686 0.0524623 0.0551242 0.0509066 0.130434 -0.0382141 0.0608858 -0.0179158 0.0930362 0.0218388 0.121021 0.0814283 0.134897 0.137093 0.145259 0.116686 -0.00312325 0.151135 -0.00343184 -0.0301655 0.196145 0.115695 0.120406 0.0272487 0.162154 0.151791 0.0261896 0.0519136 0.0654413 0.0794705 0.00730461 0.00273919 0.128781 0.0192168 0.152274 0.0503886 0.0727978 0.182447 0.149185
internal_weight=381775 80322.7 72401.8 30254.2 301452 274613 21405.6 42147.6 35157.7 8848.57 944.559 19459.3 7904.01 18444.7 9469.23 10412.3 7920.89 54634.1 13996.5 40637.5 30620.2 24745.4 3896.31 6496.37 6858.7 6670.78 6238.25 4800.35 26838.7 4511.63 219979 1696.02 6989.83 1045.31 453.184 8975.47 8664.43 6183.97 2480.46 5992.79 592.128 4781.62 12159.4 292.247 432.534 319.583 6013.79 205.147 5202.04 1006.03 3637.61 2137.61 2972.86 13071.5 10101.7 631.192 6774.7 456.723 1946.34 926.19 312.097 781.206
internal_count=42657643 11197761 1670018 633426 31459882 6046534 353777 1036592 983314 279649 15029 337044 264620 175143 95335 634871 9527743 4747286 333244 4414042 4124995 348443 30943 63428 45898 43023 37400 24486 25413348 25838 1299248 38942 53278 218722 201620 79808 77083 54815 22268 60323 17102 3781754 25060091 8602 5623 196001 39133 18726 32468 571492 599161 118005 31907 229367 148265 20076 35710 10653 16733 3580 5231 14868
is_linear=0
shrinkage=0.05


Tree=4
num_leaves=63
num_cat=0
split_feature=0 3 0 2 3 1 2 2 0 2 2 0 6 3 5 3 1 7 1 1 3 4 2 2 3 3 5 2 2 6 2 4 3 1 4 2 2 2 3 0 3 3 3 2 1 6 6 1 4 4 2 6 2 1 4 3 6 1 5 4 6 3
split_gain=129949 17477.8 9442.51 5924.01 5414.35 5394.13 2282.91 3245.91 2272.55 1919.47 1917.49 1294.4 1205.94 1158.86 1061.74 909.405 819.44 779.342 909.575 776.426 725.75 707.655 818.742 684.147 635.512 608.093 583.404 621.394 582.753 581.893 569.738 1159.94 506.303 495.449 438.287 435.741 428.482 422.728 546.637 417.101 341.141 335.715 403.356 334.897 323.473 418.58 322.607 309.714 298.209 497.462 520.932 1151.43 294.495 278.852 264.575 337.101 257.5 254.871 248.71 244.891 241.875 239.494
threshold=1.5000000000000002 85432.441406250015 2.5000000000000004 428395.92187500006 105006.55468750001 0.49545454978942877 63.71049880981446 4031.795043945313 20.500000000000004 109.64049911499025 28797.424804687504 29.500000000000004 6.5000000000000009 1.0000000180025095e-35 4.5000000000000009 1141780.5625000002 0.49545454978942877 1.0000000180025095e-35 0.071858864277601256 0.51086956262588512 59.939498901367195 1.5000000000000002 742.76950073242199 378.61399841308599 12899.940917968752 1071.340515136719 4.5000000000000009 261.00900268554693 3145.429077148438 12.500000000000002 172.84450531005862 1.0000000180025095e-35 104.67199707031251 0.1440781503915787 1.0000000180025095e-35 1023528.5625000001 2427.547485351563 185494.68750000003 4899.1608886718759 3.5000000000000004 168.74549865722659 3163.888061523438 261.13798522949224 1149222.7500000002 0.16774892061948779 2.5000000000000004 10.500000000000002 0.49545454978942877 1.0000000180025095e-35 1.5000000000000002 338277.68750000006 2.5000000000000004 1031.2100219726565 0.020872940309345726 3.5000000000000004 168.74549865722659 15.500000000000002 0.67948719859123241 1151.5000000000002 1.0000000180025095e-35 12.500000000000002 1.0000000180025095e-35
decision_type=2 2 2 2 2 2 2 2 2 2 2 2 2 2 2 2 2 2 2 2 2 2 2 2 2 2 2 2 2 2 2 2 2 2 2 2 2 2 2 2 2 2 2 2 2 2 2 2 2 2 2 2 2 2 2 2 2 2 2 2 2 2
left_child=4 2 6 9 5 17 34 30 12 -4 13 14 54 16 -12 39 56 20 53 41 -1 26 -23 57 40 52 28 -28 59 -6 31 61 -7 60 47 -31 -34 38 -16 58 -22 42 -9 -21 -20 -46 -41 -2 -39 50 -50 -52 -25 -19 55 -5 -11 -15 -3 -18 -14 -8
right_child=1 15 3 8 29 32 7 19 -10 10 11 -13 33 23 37 -17 21 18 44 43 24 22 -24 25 -26 -27 27 -29 -30 35 -32 -33 36 -35 -36 -37 -38 48 -40 46 -42 -43 -44 -45 45 -47 -48 -49 49 -51 51 -53 -54 -55 -56 -57 -58 -59 -60 -61 -62 -63
leaf_value=-0.018658280393059647 0.076037023777331916 -0.015362861629857481 0.029785753097395458 0.036253752754148348 -0.044611732469763875 -0.017744134645487641 0.064387227807182548 0.046388309783224418 -0.041322653965729012 0.14468174380095941 0.049772762062066496 0.30250730054513231 -0.028973543775416524 0.021050968703227323 0.10272867397199222 -0.0391983781984446 0.11368436268345682 0.1138887662982028 0.021194074549292591 0.022300617917154986 -0.0067654583318029361 0.019390281510369377 0.10956860691150397 0.081507844411778441 -0.015122729025886012 0.055537175112492614 0.057970653797314566 0.13493769016228943 0.077195584174804432 -0.019747490982940347 0.065816202405432594 0.016851754687084584 0.0037673287788617493 0.14221086842957845 -0.011040482474540311 -0.038970056359870192 -0.028352722310472585 0.045609439307029126 0.04792418758692988 -0.0063628184511702662 0.0059759475689979188 0.030273964845535867 0.094117744900159228 -0.016177890306372626 0.021289064474863621 -0.0029323784617414032 0.050679705696964686 0.022711582655321659 0.084923134396148292 0.05523765959050761 0.35053985489728878 0.065790435318567028 0.11471946633491914 0.044231264688238695 -0.025823914159154467 0.10983183545469631 0.24738492309760424 0.10398451525418949 0.035728604480250031 0.078034046142107391 0.08061563344455451 0.030556093149016007
leaf_weight=6447.5848296970216 284.72514820731885 3399.3018845840088 1231.063088045521 3612.3508034199476 14044.869749363508 210008.06807895005 5204.9424307466179 1686.0305150614513 845.02260339923669 1116.027351025492 3130.7430381849408 61.099173932219855 62.25921649299562 563.13626894786285 3378.2751383944487 3019.134650963857 5324.5548015832901 174.59788084495813 3037.0407155975699 6627.3322523161769 6999.6797145088422 480.64085127599537 528.61968653649092 1133.5535995814644 6007.1464709703068 981.38797178198001 289.62087045609951 3006.5286589749157 1718.7365214675665 5789.5564021297869 18072.453670602132 2006.3761162842566 4808.414301648736 418.48046724731103 965.08747392130317 6014.6933642707663 1323.1801773235202 904.53136051461479 528.83250277054321 455.27871394902468 21047.89766652933 1842.336361915739 601.90954537484504 617.51015048474073 2309.7067673429847 7819.7404938191175 542.5503915515219 5892.2344435751438 250.22698143186426 555.57462996887625 68.867636002600193 73.341672193157137 1676.4041200624561 809.72360093565658 161.29647084325552 161.99147159606218 65.967531121736101 110.09364090114832 255.20204665867641 540.23107647895813 252.80234054955508 584.57504535434418
leaf_count=184843 9876 1557179 9333 21812 353257 1237306 24192 46630 14711 14790 12178 299 2515 9939 45002 5745989 13041 59910 81102 33750 217805 4623 3361 19422 2079127 100608 1728 9872 5446 8405484 261487 27834 47605 10388 14145 16654607 14337 5045 94912 10901 1932267 547461 57143 3444 20714 127551 552159 29257 5462 39764 297 2926 32229 43967 2548 2016 6528 611 1616082 2727 156593 9506
internal_value=-0.000230729 0.0541606 0.0612764 0.0814314 -0.0158692 -0.0137821 0.0461844 0.0511502 0.0340931 0.0908473 0.0936841 0.0748354 0.0477477 0.103301 0.0732369 -0.0178333 0.110821 0.000251602 0.0103524 0.0288866 -0.00327763 0.106852 0.0666846 0.0812645 -0.000365145 0.0895132 0.110572 0.128195 0.102897 -0.0377326 0.0609386 0.0496245 -0.0173306 0.106573 0.0202861 -0.0295446 -0.00316758 0.0859803 0.095325 -0.00396294 0.00279602 0.0461862 0.0589806 0.0190191 0.00688422 0.00259213 0.0246726 0.0251815 0.066231 0.085838 0.128909 0.205171 0.101355 0.0566901 0.0367593 0.0394399 0.150618 0.0347472 -0.0117862 0.110414 0.0589366 0.0609771
internal_weight=381931 85289.2 77617.8 33232.3 296642 270793 44385.5 37243.5 5514.2 27718.1 26487 8951.49 4669.18 17535.5 8890.39 7671.47 13070.9 54653.1 14150.8 11375.1 40502.3 11888.9 1009.26 4464.58 34054.7 3791.35 10879.7 3296.15 7583.52 25849.1 25868.3 7795.89 216140 733.542 7142.05 11804.2 6131.59 5759.65 3907.11 4652.33 28047.6 4130.28 2287.94 7244.84 13166.5 10129.4 997.829 6176.96 1852.54 948.011 392.436 142.209 2809.96 984.321 3935.64 3774.34 1181.99 673.23 3654.5 5864.79 315.062 5789.52
internal_count=42657643 11197761 1715451 650726 31459882 6046534 1064725 1011447 210583 440143 430810 205885 195872 224925 205586 9482310 62116 4747286 333244 688428 4414042 40798 7984 162809 4229199 152259 32814 11600 21214 25413348 323019 61532 1299248 169496 53278 25060091 61942 193408 139914 3736321 2150072 651234 103773 37194 229367 148265 563060 39133 53494 48449 8685 3223 51651 103877 26376 23828 21318 10550 3173261 15768 159108 33698
is_linear=0
shrinkage=0.05


Tree=5
num_leaves=63
num_cat=0
split_feature=0 3 0 3 1 2 0 2 2 2 2 5 1 6 3 2 2 0 0 3 1 3 2 4 3 6 3 4 1 3 2 3 1 2 2 5 4 0 5 6 1 6 2 6 3 5 6 2 2 0 2 6 3 5 2 2 3 2 3 2 6 1
split_gain=112659 14312.5 7013.67 5232.6 5020.09 4349.51 1972.07 1827.29 2551.6 1394.7 1355.87 979.792 917.126 893.672 872.724 860.24 739.748 3978.64 1065.91 697.453 772.837 670.026 660.418 1237.62 634.29 587.789 581.088 558.18 553.667 525.427 475.383 451.284 549.655 429.942 407.133 395.116 382.178 372.621 359 345.295 328.245 320.744 370.475 378.769 349.823 598.862 2383.33 317.984 315.428 454.172 424.84 310.178 307.298 292.247 328.465 301.019 290.811 279.563 278.517 273.309 271.621 263.058
threshold=1.5000000000000002 85432.441406250015 2.5000000000000004 105006.55468750001 0.49545454978942877 428395.92187500006 20.500000000000004 63.71049880981446 2427.547485351563 109.64049911499025 8040.6879882812509 4.5000000000000009 0.99090909957885753 6.5000000000000009 1141780.5625000002 261.00900268554693 413387.51562500006 13.500000000000002 14.500000000000002 1.0000000180025095e-35 0.1440781503915787 59.939498901367195 378.61399841308599 1.0000000180025095e-35 1.0000000180025095e-35 12.500000000000002 12899.940917968752 1.5000000000000002 0.34057971835136419 3163.888061523438 109.64049911499025 1.0000000180025095e-35 0.99090909957885753 1023528.5625000001 2427.547485351563 7.5000000000000009 1.0000000180025095e-35 3.5000000000000004 42.500000000000007 37.500000000000007 0.1440781503915787 65.500000000000014 76217.816406250015 10.500000000000002 3163.888061523438 50.500000000000007 18.500000000000004 86283.000000000015 19597.933593750004 8.5000000000000018 28797.424804687504 2.5000000000000004 168.74549865722659 4.5000000000000009 1031.2100219726565 1031.2100219726565 28.184000015258793 742.76950073242199 1071.340515136719 136796.29687500003 10.500000000000002 0.34057971835136419
decision_type=2 2 2 2 2 2 2 2 2 2 2 2 2 2 2 2 2 2 2 2 2 2 2 2 2 2 2 2 2 2 2 2 2 2 2 2 2 2 2 2 2 2 2 2 2 2 2 2 2 2 2 2 2 2 2 2 2 2 2 2 2 2
left_child=3 2 7 4 19 9 13 36 22 -4 15 -12 41 -7 37 27 18 -18 29 20 38 -21 23 31 53 -5 52 -11 -25 35 -6 32 61 -27 -32 56 -2 -3 -1 57 -15 42 44 -44 45 -10 -47 48 -37 50 -50 -22 -23 54 -17 -55 59 -26 -59 -13 -39 -9
right_child=1 14 5 25 30 6 -8 8 12 10 11 16 -14 40 -16 24 17 -19 -20 21 51 26 -24 28 39 33 -28 -29 -30 -31 34 -33 -34 -35 -36 47 -38 60 -40 -41 -42 -43 43 -45 -46 46 -48 -49 49 -51 -52 -53 -54 55 -56 -57 -58 58 -60 -61 -62 -63
leaf_value=0.026907801247837655 0.023321054967793145 -0.011333891493293714 0.027465876413279352 -0.044335895482669301 -0.017156387788112782 0.033645319163891234 -0.040928790078550853 0.14803209644832663 0.06301828504482955 0.07360821785041026 0.049010100527488741 0.078371608018556263 0.015954619733288829 0.052735002612905861 -0.038743143338205541 0.10519092909979331 0.040775465243701611 0.55500692604337054 -0.01800748054010215 -0.018062343020447045 0.019390869562891336 -0.006471212380361269 0.06469850777130963 0.053087281565072787 0.05884380805794473 -0.019138005760836373 -0.01458756965546578 0.0095451249568484168 0.012326362286634741 0.047373168236337436 0.0040366180928052232 0.03036725195090045 0.056618839699675072 -0.038508598868207178 -0.027717733138153657 0.078658431080383673 -0.010606292745095775 -0.0060841527243328209 0.093000886453843509 -0.013767960165665467 0.11755152817552467 0.0051039153846210222 0.019752708536634907 0.080666270356114067 0.03486403175255523 0.93130506832389737 0.069626459146187411 0.081027691781796349 0.18259380552521345 0.18911072871698487 0.096536087042596364 -0.00086056270716444022 0.0056430853663910312 0.096012800662720166 0.081637929670772352 0.12209987262678412 0.12213498866764826 0.098352916036844165 0.058205836548208295 0.04474479961208707 0.045768066877187964 0.082880239912659026
leaf_weight=2941.0273334887315 6331.4986789776667 3612.6825059607618 1267.3952971709441 13440.94554362445 206532.27814031392 4080.0859352927655 811.36156742659659 188.02433995345928 2285.3496246086434 2045.4827329972904 4247.8957921117544 1750.0789749100804 7034.4278564602137 333.81997012792999 2904.8012411792624 3136.7109912782907 144.57267620448692 49.92989918217063 288.16972787503619 6330.3659315818441 2413.0276655182242 6953.3171515700487 10861.978833293964 1189.0680889677387 1115.9642522661015 5678.1535175970384 5918.4891661404799 408.15331975919253 2780.5232335403562 1069.5504637010308 4669.0218838229775 1382.4693575092388 8524.4626847207546 5788.2084117255654 1286.7764244005084 535.9317637383574 954.6779037020824 452.44488604925573 220.14608413023234 101.3174777522072 479.36186804389581 531.86860228551086 1752.0969012863934 297.98633453203365 1348.7819787685294 8.9433743804693204 42.609277864918113 1722.0901396107874 172.3902661183165 226.32477317663142 887.00575169431977 8722.7460243217647 21171.734087989083 1976.040721826037 2858.8550553321838 2603.344005423518 260.65986167639494 1895.2005944699049 566.75120066013187 930.84446928277612 570.08707918071013 926.0644643008709
leaf_count=102027 39133 3173261 9333 353257 1238925 26376 14711 5386 40399 10528 15314 7072 30142 159108 5745989 7187 3863 208 2824 184843 21157 217805 153596 31122 13423 8405484 2079127 6393 24626 179673 45986 22705 28079 16654607 14337 10018 14145 10901 62187 39834 10388 551575 23675 25409 61788 149 5981 33310 4426 1420 16214 147873 1932267 13480 6769 14460 1907 23947 14067 4473 552159 6815
internal_value=-0.000253417 0.0486751 0.0547081 -0.0153218 -0.0132782 0.0712843 0.0312296 0.0418698 0.0461482 0.078834 0.0810785 0.0684546 0.0283507 0.0432002 -0.01726 0.0903563 0.0787237 0.174945 0.0763155 0.000234114 0.00972399 -0.00312654 0.0553042 0.0484934 0.0950674 -0.0372399 -0.000348787 0.0629598 0.0245464 0.0799152 -0.0167548 0.0571157 0.0609488 -0.0289188 -0.00282755 0.0852739 0.0188748 -0.00379153 0.0315385 0.0771313 0.0910411 0.0422586 0.0457024 0.0286417 0.0551817 0.0668884 0.233988 0.0965448 0.111161 0.124638 0.110699 0.0035291 0.00264796 0.1013 0.0939757 0.110867 0.0716676 0.0797084 0.0891383 0.0667171 0.0228412 0.0939988
internal_weight=382012 89946.1 82406.1 292066 267159 35965.3 5704.63 46440.8 39154.7 30260.7 28993.3 12285.4 13302.1 4893.27 7540.02 16707.8 8037.55 194.503 7843.05 54670.9 14296.9 40373.9 25852.6 14990.6 14254.2 24907.3 34043.5 2453.64 3969.59 7554.88 212488 11021 9638.55 11466.4 5955.8 6485.33 7286.18 4635.21 3161.17 3679.23 813.182 6267.64 5735.77 2050.08 3685.68 2336.9 51.5527 3543.74 1821.65 1285.72 1059.4 11135.8 28125.1 10575 5995.57 4579.38 2941.58 3577.92 2461.95 2680.92 1022.53 1114.09
internal_count=42657643 11197761 1715451 31459882 6046534 650726 210583 1064725 1011447 440143 430810 280722 739118 195872 9482310 150088 265408 4071 261337 4747286 333244 4414042 272329 118733 133167 25413348 4229199 16921 55748 258513 1299248 62985 40280 25060091 60323 78840 53278 3736321 164214 91271 169496 708976 157401 49084 108317 46529 6130 65388 32078 22060 20640 169030 2150072 41896 13956 27940 13452 51437 38014 11545 563060 12201
is_linear=0
shrinkage=0.05


Tree=6
num_leaves=63
num_cat=0
split_feature=0 3 0 3 1 2 0 2 2 2 2 3 6 1 0 2 5 3 6 3 1 3 2 2 2 1 4 2 4 6 2 4 1 0 3 6 2 2 6 2 0 4 3 3 5 2 2 2 6 1 5 1 6 5 6 3 1 2 4 2 6 2
split_gain=98194.2 11858.3 5339.7 5049.45 4667.31 3295.38 1493.91 1477.36 2039.07 993.95 1239.91 839.86 760.818 716.769 1536.66 624.663 674.484 618.109 592.971 591.114 573.653 531.108 445.024 423.526 414.47 413.051 439.25 487.482 405.227 600.399 389.025 556.567 383.866 378.853 378.756 359.33 347.139 1086.13 815.286 338.26 335.283 334.27 310.206 276.863 261.006 277.493 276.398 258.641 293.608 240.689 233.663 231.92 371.66 218.469 212.902 209.249 1017.25 558.039 580.952 389.713 334.106 282.192
threshold=1.5000000000000002 85432.441406250015 2.5000000000000004 105006.55468750001 0.49545454978942877 653416.40625000012 21.500000000000004 63.71049880981446 5037.0371093750009 109.64049911499025 28797.424804687504 1303320.6250000002 3.5000000000000004 0.99090909957885753 26.500000000000004 1.0000000180025095e-35 11.500000000000002 59.939498901367195 12.500000000000002 1.0000000180025095e-35 0.34057971835136419 12899.940917968752 109.64049911499025 1023528.5625000001 378.61399841308599 0.49545454978942877 1.5000000000000002 742.76950073242199 5.5000000000000009 15.500000000000002 109.64049911499025 1.0000000180025095e-35 0.036442687734961517 3.5000000000000004 1453.2075195312502 10.500000000000002 5001495.0000000009 4750370.7500000009 8.5000000000000018 1149222.7500000002 3.5000000000000004 1.0000000180025095e-35 4899.1608886718759 168.74549865722659 4.5000000000000009 538.12799072265636 3145.429077148438 28797.424804687504 2.5000000000000004 0.49545454978942877 11.500000000000002 0.20198300480842593 2.5000000000000004 4.5000000000000009 58.500000000000007 1.0000000180025095e-35 0.51086956262588512 1031.2100219726565 1.0000000180025095e-35 378.61399841308599 26.500000000000004 378.61399841308599
decision_type=2 2 2 2 2 2 2 2 2 2 2 2 2 2 2 2 2 2 2 2 2 2 2 2 2 2 2 2 2 2 2 2 2 2 2 2 2 2 2 2 2 2 2 2 2 2 2 2 2 2 2 2 2 2 2 2 2 2 2 2 2 2
left_child=3 2 7 4 15 9 12 41 30 53 19 35 -7 14 28 16 51 50 -5 25 42 43 -6 -20 -21 -11 44 -28 33 -30 31 -9 -26 -12 -24 -3 37 -14 -39 -22 -37 49 47 -19 46 -46 -27 48 -10 -2 -17 -1 -53 -4 -45 56 -32 58 -58 -57 -61 -60
right_child=1 11 5 18 22 6 -8 8 20 10 13 -13 36 -15 -16 17 -18 21 23 24 39 -23 34 -25 32 26 27 -29 29 -31 55 -33 -34 -35 -36 40 -38 38 -40 -41 -42 -43 -44 54 45 -47 -48 -49 -50 -51 -52 52 -54 -55 -56 59 57 -59 61 60 -62 -63
leaf_value=0.015022883835950188 0.064302618219249152 -0.019577037537085742 0.038490877392888145 -0.044050768732133698 -0.01658330398820931 0.020494441354926299 -0.045768357907078783 0.044858309709668573 0.20970038969401902 0.10701965828476073 0.051060849709018342 -0.039924727942387619 0.074636729922419792 0.044854604719592212 0.28792319176406622 -0.020341411392396393 0.042702383845105781 -0.0061879319562023905 -0.01853604045264513 0.027676996643892476 0.020067974518406181 -0.014063805293671253 0.0048196828021092059 -0.038035732448229109 -0.015272274741934848 0.08186848121816466 0.013907507458531211 0.07877807540618427 -0.036022041933301177 0.15743658278945094 0.083861832423686972 0.0031909679321136539 0.07086549990054597 0.078713255102564869 -0.023897396429390646 -0.0019538717724301895 -0.031983776701386482 1.0428803038780845 0.044651361668247132 -0.016123173224654154 0.039937938601728534 -0.010184748399823045 0.025505371141171164 0.0064977394638807643 0.067714999836065645 0.099410468477298591 0.060626941634632392 0.042998005963793245 0.074212424504123381 0.019460397449347799 0.015272826539206214 0.018323683239361128 -0.0052201688625986079 -0.006588998150777201 -0.016084243347754691 0.027474900373789662 0.058302122123981219 0.031972653373865838 0.0081154168122690839 0.055678790195947653 0.00055407420830120798 0.06236462403396547
leaf_weight=4392.1253939997841 313.76495125978909 2180.3614584039824 923.23587138950825 12866.121409075364 203075.77896587551 2624.8781105466187 685.42484548484936 3466.1489996075397 42.886707812547684 1505.626996377905 1893.9071864321886 2550.8911770335835 922.60043843634776 6002.7103143632412 78.499756878009066 5718.7142232507431 1355.4295559584134 6909.253009500655 5572.2019347747591 733.2422535578371 7579.0430271662772 5834.188304005158 4385.3513915538788 5572.6620086203002 132.99242050214525 7112.9574956744909 520.87887186743319 652.68813663721085 195.43773616850376 49.394712064589839 2473.292932594115 1042.5853187635439 4326.4821049459279 3628.2102962757708 1554.3570482209325 2062.7488621119664 74.297347498766612 4.1061111167073241 3.5680171967833303 705.00778115913272 620.51966703700236 944.7816381307166 1475.5051895506695 20189.6192937491 892.55518909916282 3210.9739158302546 1972.1067111641169 1090.9496497925647 504.4369977234237 6163.9580368250608 500.17376505687207 2267.3770722150803 6420.1364606246352 378.58726107264374 1099.7097083829431 2394.7002474662659 10647.809898376465 3573.8879591971636 923.8454913944006 4428.4803890222684 293.07964418291522 322.89546772837639
leaf_count=99973 9876 51261 3705 353257 1238925 13858 13395 17447 128 21318 112082 5358646 131704 18498 428 113204 113917 217805 8405484 10550 42660 2079127 42841 16654607 81938 15768 4623 3361 3550 7571 34419 13496 70321 101575 17482 3465788 11336 57 2414 4403 606615 14145 506694 824528 3684 7916 5446 81585 27534 29257 71639 19602 99752 5628 1107739 42779 34329 12482 6275 79004 106304 1908
internal_value=-0.000270781 0.0440001 0.0491781 -0.0147851 -0.0127862 0.0630678 0.0218854 0.0381181 0.0418371 0.0682612 0.0699565 -0.0166945 0.034671 0.0570052 0.069473 0.00021828 0.00914139 -0.00298188 -0.0367362 0.0772395 0.023867 -0.000333076 -0.0161887 -0.0282888 0.0625649 0.0820375 0.0794113 0.0500221 0.06645 0.00348971 0.0487634 0.0352261 0.0682938 0.0692403 -0.00269802 -0.0045049 0.071656 0.0799587 0.637416 0.0169864 0.00774509 0.0175901 0.0421613 0.00250816 0.0820225 0.0925346 0.0772647 0.0571378 0.0851919 0.021642 -0.017475 0.0056605 0.000926005 0.0253861 0.00533056 0.0511977 0.0540804 0.0493135 0.0545207 0.0439232 0.0522579 0.0222042
internal_weight=382040 94326.9 86912.4 287713 263702 38525.4 4314.87 48387.1 40964.6 34210.5 32908.7 7414.52 3629.45 11848.2 5845.45 54686.7 14435.1 40251.7 24011 21060.5 11397.8 34032.8 209015 11144.9 5192.72 15867.8 14362.2 1173.57 5766.95 244.832 29566.7 4508.73 4459.47 5522.12 5939.71 4863.63 1004.57 930.275 7.67413 8284.05 2683.27 7422.5 3113.78 28198.6 13188.6 4103.53 9085.06 1638.27 547.324 6477.72 6218.89 13079.6 8687.51 1301.82 21289.3 25058 17941.7 15468.4 11894.6 7116.26 4721.56 1246.74
internal_count=42657643 11197761 1715451 31459882 6046534 650726 172764 1064725 1011447 477962 468629 9482310 159369 243704 225206 4747286 333244 4414042 25413348 224925 663004 4229199 1299248 25060091 162809 62116 40798 7984 224778 11121 348443 30943 152259 213657 60323 4123664 145511 134175 2471 47063 4072403 53278 615941 2150072 32814 11600 21214 109247 27662 39133 184843 219327 119354 9333 1932267 317500 89413 54994 42512 228087 185308 8183
is_linear=0
shrinkage=0.05


Tree=7
num_leaves=63
num_cat=0
split_feature=0 3 3 5 0 2 0 2 2 3 2 2 0 6 2 1 3 6 4 0 2 1 2 3 4 2 5 2 6 6 2 2 2 4 1 6 5 5 4 0 3 1 1 5 6 2 0 2 1 6 3 7 1 3 1 4 2 2 2 6 5 3
split_gain=85991.1 9925.81 4865.45 4334.63 4146.9 2572.3 1546.15 1207.15 1638.63 806.456 787.732 921.696 657.422 597.4 559.815 586.279 569.887 533.903 532.916 679.529 489.816 485.373 418.438 416.523 384.499 462.715 366.14 346.681 335.574 331.535 320.434 310.469 306.016 461.988 296.244 360.987 413.072 308.146 293.068 288.024 276.821 264.928 255.388 254.347 243.228 236.931 235.783 254.798 234.602 2076.35 223.557 220.625 546.933 231.1 218.939 216.501 208.551 206.863 206.815 205.18 252.302 204.657
threshold=1.5000000000000002 85432.441406250015 105006.55468750001 2.5000000000000004 2.5000000000000004 513920.37500000006 20.500000000000004 63.71049880981446 5037.0371093750009 1317330.3750000002 172.84450531005862 8040.6879882812509 3.5000000000000004 12.500000000000002 1.0000000180025095e-35 0.1440781503915787 59.939498901367195 5.5000000000000009 6.5000000000000009 38.500000000000007 4031.795043945313 0.51086956262588512 1747020.4375000002 104.67199707031251 1.5000000000000002 742.76950073242199 2065.5000000000005 2427.547485351563 4.5000000000000009 10.500000000000002 172.84450531005862 89196.699218750015 109.64049911499025 1.0000000180025095e-35 0.25320513546466833 15.500000000000002 109.50000000000001 25.500000000000004 1.0000000180025095e-35 3.5000000000000004 777.51098632812511 0.1440781503915787 0.49545454978942877 42.500000000000007 2.5000000000000004 1149222.7500000002 3.5000000000000004 6371.1770019531259 0.12613636255264285 2.5000000000000004 28.184000015258793 1.0000000180025095e-35 0.99090909957885753 59.939498901367195 0.058997564017772681 1.0000000180025095e-35 32.725500106811531 1859.070983886719 1031.2100219726565 2.5000000000000004 5.5000000000000009 1.0000000180025095e-35
decision_type=2 2 2 2 2 2 2 2 2 2 2 2 2 2 2 2 2 2 2 2 2 2 2 2 2 2 2 2 2 2 2 2 2 2 2 2 2 2 2 2 2 2 2 2 2 2 2 2 2 2 2 2 2 2 2 2 2 2 2 2 2 2
left_child=2 4 3 23 7 10 17 38 32 29 55 24 -13 -4 15 43 54 -7 19 28 30 -10 26 51 46 42 -15 -25 31 -3 -18 -14 33 -9 35 37 -37 -30 -2 -31 -27 -19 61 -5 -17 -23 -12 57 49 -22 -43 53 -53 -1 -16 56 -6 58 59 60 -48 -26
right_child=1 9 13 14 5 6 -8 8 21 -11 11 12 18 22 16 44 20 41 -20 -21 48 45 -24 27 25 40 -28 -29 34 39 -32 -33 -34 -35 -36 36 -38 -39 -40 -41 -42 50 -44 -45 -46 -47 47 -49 -50 -51 -52 52 -54 -55 -56 -57 -58 -59 -60 -61 -62 -63
leaf_value=-0.030565408340930734 0.020115642910069939 -0.019076182967818801 -0.043756064515008908 0.023022609630941181 -0.0015808936441621887 0.02584932656994586 -0.043734045105729445 0.040750956287719832 0.035294197578429096 -0.039657631492077516 0.068887776540791867 0.039655852276495138 0.067916343808852211 -0.022802148459000932 0.026452355212493412 0.016854061131036827 -0.0057695816429277711 0.031900981065196989 -0.02451022216188678 0.21643054398308936 0.31576890269167729 0.016944538308390333 -0.041346370001897399 0.0032599986051563496 0.084992817554133626 0.076530493759310994 0.037457924305851702 -0.026516253212391636 0.070117283243466458 -0.0019011860651429676 0.0067950209881358073 0.047197191291156293 0.046206110806721615 0.0030218860687416301 0.10106853485688679 0.12536465998444024 0.012176712141616759 -0.0097224134150064069 -0.0097758312930328311 0.036268763239472014 0.02912043368352199 0.057590533960591564 0.0089600816751070084 0.075292909229305149 -0.00082563213329213544 -0.015636750562803964 0.082414983780959281 0.12529217788298466 -0.022143275865319643 -0.0074650570778490386 0.11747412202636016 -0.0068838409402346762 -0.016515806469983366 -0.010025681784840449 -0.018961543487565347 0.0048801340382799811 0.047975307842606847 0.065502446191220545 0.10256149728093106 0.1125510534992552 0.044664913050238481 0.030629374080448742
leaf_weight=4930.6043856515898 6616.5612230123879 2146.1077989591322 12319.01274087188 3095.1973724672425 245.33988383894757 3652.182354900986 727.89847728564928 3620.6128735397579 4374.7254199259769 2429.7049449536134 8825.5765942858197 5302.5904731320843 3545.0027599148452 6894.0727154203996 277.18346388594364 2503.2537524104118 7060.1207020622678 340.5709290308223 175.33096853690222 71.107498252764344 49.097424246370792 6684.842691257596 3684.1330829481085 4853.4383913204074 292.0281356836349 2025.0207350084238 260.76526644590558 1223.0171729922295 246.78707580454648 2071.2920581374929 18034.592423888163 3720.0824484862387 26337.480082287795 1045.8443192614868 933.43151873163879 300.20478566852398 110.37399737561645 235.49880405142903 935.37349166842614 648.07261512887999 365.03959358015709 324.88398828078061 618.51322353631258 250.95888869134069 8716.6450013332069 608.02446649223566 1607.5039920955896 320.52606660716265 2871.8810552600771 6006.9775980991762 305.50100905075669 16081.263168789446 176727.11687788367 1897.7625749409199 5835.9532229956239 526.81026001311693 1572.6366818024326 1856.784353361385 1268.4532714094094 366.24037017802766 616.58460047841072 427.74179849032953
leaf_count=54841 39133 51452 353257 102027 1229 21426 14442 17447 627244 5315058 56175 157165 11288 10013523 59463 21157 224179 147430 6222 165 477 32316 12207239 47605 3804 25992 2839329 14337 4190 3502942 1215691 15566 317500 13496 11973 16121 69098 5200 14145 612858 20258 5635 5197 62187 147873 3444 2826 1867 52662 2736190 5384 178528 982830 21107 125380 8233 7271 8584 3821 4064 1435 8665
internal_value=-0.000282482 0.0399789 -0.0142597 -0.0123065 0.0444704 0.0562851 0.0239581 0.0348418 0.038103 -0.0161391 0.0611468 0.0631237 0.0537306 -0.0362218 0.000203103 0.00859903 -0.00284408 0.0346232 0.061718 0.0633706 -0.000318401 0.022128 -0.0276554 -0.0156329 0.0705178 0.0561224 -0.020601 -0.00273649 0.0621497 -0.00438868 0.00326002 0.0573151 0.0441138 0.0322976 0.0813404 0.060626 0.0950404 0.0311923 0.0164125 0.00720538 0.0693046 0.067565 0.032546 0.0269642 0.00312001 0.0142264 0.0741251 0.0817701 -0.0103759 -0.00479286 0.0867518 -0.0160255 -0.0157125 -0.0248592 -0.0168984 0.0331156 0.0412904 0.0793079 0.0859322 0.0777526 0.0719743 0.0527733
internal_weight=382018 98444.9 283573 260415 91149.7 40926.2 5351.04 50223.5 42671.5 7295.18 35575.2 33230.4 14640.4 23158 54701.9 14566.1 40135.8 4623.14 9337.82 9162.49 34022.7 11667.6 10839 205713 18590 3728.34 7154.84 6076.46 9091.38 4865.47 25094.7 7265.09 31003.9 4666.46 1826.3 892.865 410.579 482.286 7551.93 2719.36 2390.06 970.956 1338.28 3346.16 11219.9 7292.87 14861.7 6036.09 8927.96 6056.08 630.385 199637 192808 6828.37 6113.14 2344.79 1817.98 5715.57 3858.78 2590.33 2224.09 719.77
internal_count=42657643 11197761 31459882 6046534 1715451 650726 194317 1064725 1011447 9482310 456409 439676 296988 25413348 4747286 333244 4414042 179875 139823 133601 4229199 663004 25060091 1299248 142688 63916 12852852 61942 133436 4167252 1439870 26854 348443 30943 106582 94609 85219 9390 53278 4115800 46250 158449 17666 164214 169030 35760 78772 22597 2789329 2736667 11019 1237306 1161358 75948 184843 16733 8500 20730 12146 8325 4261 12469
is_linear=0
shrinkage=0.05


Tree=8
num_leaves=63
num_cat=0
split_feature=0 3 3 1 0 2 0 2 2 3 2 2 6 4 3 6 7 3 1 3 2 1 0 2 2 4 1 4 2 0 0 6 3 1 6 1 2 6 2 3 4 2 3 3 4 0 2 2 5 1 2 5 1 2 1 3 2 1 1 5 5 2
split_gain=75604.1 8389.6 4681.21 4020.72 3273.65 2080.52 1165.92 991.55 1375.84 747.355 619.566 857.699 600.989 591.595 572.597 510.337 502.282 524.796 519.83 454.535 415.444 397.337 856.363 389.359 387.63 733.974 389.801 367.333 328.196 307.353 370.364 303.49 269.89 341.973 269.497 1181.37 268.616 265.357 261.704 257.622 257.577 255.42 253.656 617.428 252.811 237.124 235.339 231.228 230.27 215.926 212.781 207.438 204.374 199.887 513.537 236.281 199.452 198.9 191.341 189.244 182.958 181.956
threshold=1.5000000000000002 88202.804687500015 105006.55468750001 0.49545454978942877 2.5000000000000004 688770.81250000012 21.500000000000004 63.71049880981446 2427.547485351563 1317330.3750000002 89196.699218750015 261.00900268554693 12.500000000000002 1.0000000180025095e-35 4899.1608886718759 3.5000000000000004 1.0000000180025095e-35 59.939498901367195 0.16774892061948779 12899.940917968752 1033577.5312500001 0.99090909957885753 25.500000000000004 109.64049911499025 378.61399841308599 1.0000000180025095e-35 0.34057971835136419 1.5000000000000002 2427.547485351563 4.5000000000000009 14.500000000000002 10.500000000000002 1.0000000180025095e-35 0.99090909957885753 2.5000000000000004 0.16774892061948779 5356221.2500000009 2.5000000000000004 4031.795043945313 556.40899658203136 1.0000000180025095e-35 172.84450531005862 104.67199707031251 1453.2075195312502 6.5000000000000009 3.5000000000000004 63.71049880981446 3145.429077148438 30.500000000000004 0.071858864277601256 3183303.7500000005 1499.5000000000002 0.083683475852012648 1.0000000180025095e-35 0.99090909957885753 59.939498901367195 3361581.1250000005 0.00059817556757479917 0.49545454978942877 3.5000000000000004 68.500000000000014 1835268.6250000002
decision_type=2 2 2 2 2 2 2 2 2 2 2 2 2 2 2 2 2 2 2 2 2 2 2 2 2 2 2 2 2 2 2 2 2 2 2 2 2 2 2 2 2 2 2 2 2 2 2 2 2 2 2 2 2 2 2 2 2 2 2 2 2 2
left_child=2 4 3 16 7 10 15 40 24 31 11 27 -4 42 29 -7 17 52 48 34 51 22 44 53 25 32 -27 46 -25 38 -31 -3 33 -9 35 -19 50 -20 39 -13 58 49 61 -44 -12 -33 -6 -43 -18 -36 60 -14 -1 54 -5 -55 -52 -22 -2 -48 -17 -10
right_child=1 9 12 23 5 6 -8 8 13 -11 21 14 20 -15 -16 36 18 19 37 -21 57 -23 -24 28 -26 26 -28 -29 -30 30 -32 45 -34 -35 41 -37 -38 -39 -40 -41 -42 47 43 -45 -46 -47 59 -49 -50 -51 56 -53 -54 55 -56 -57 -58 -59 -60 -61 -62 -63
leaf_value=0.013901539674631327 0.055195148551984097 -0.019205616089235985 -0.043451505128845373 -0.00658529355043737 0.014113862260473656 0.016269012513864936 -0.045324295957847011 0.06830801490850516 0.01373290382109576 -0.039217949653479446 0.051824069819862331 0.065108686525149159 -0.01974595670412127 0.038138108640454603 0.021836247534928351 0.064912266506661251 0.018903765851599526 0.15179900975929736 0.016122737322134598 -0.013190673464604933 -0.011896147400771292 0.031463428346216599 0.18798052046856686 0.0034842982034325449 0.04754073844465876 0.040464895291259365 0.0081009113664846592 -0.00011345203299328345 -0.025875318704212065 0.073251207014973688 -0.0013335842741075011 -0.0020778973742316439 0.022333637297062055 0.041488034504178248 0.021349549328852621 0.0089949674018311287 -0.040006245913261941 -0.0026370850079362627 0.050470599389527096 0.036426907627462694 -0.0093794890348363625 0.0062200312108134179 0.091529215439220477 0.017752776073387645 -0.015495357764664874 0.032443522472584099 0.059957457420913754 -0.0076424148433198811 0.059580856762539061 -0.010897536798476007 0.26109450044402194 0.022371227659598411 -0.01914016104958181 -0.029947674956266875 -0.015953945326447175 -0.0095899788874581338 0.093879022088084477 -0.041010749933604679 0.016780631820511954 0.035255403859787086 0.0078784633246760574 -0.02392376217050356
leaf_weight=510.78862412861054 340.69244570854789 2037.3977408465034 11798.300015994355 15972.67900172621 607.95663766591315 2610.2791973724961 626.25447459613497 1353.0575641475007 8310.1211870886618 2336.480772663057 3839.0760204283288 11508.25886649832 5092.9916409790021 4130.994607082248 906.08125097502489 731.71849260432646 4050.5749456910271 154.69550380855799 2487.5117354169488 5698.7531474885182 676.3734407046104 4269.5394032150507 113.81403856386896 4716.4248187988997 12742.133048550902 1352.5582540727992 2978.0827342346311 581.82421137118217 1191.4820223525167 6672.1930660423459 170.66549917191151 2031.8438831711246 1533.3818104520906 9911.6404522061348 570.37155000086204 2076.9278956055641 66.818165877943102 7771.9121750406921 6115.0465714949314 844.63470187496569 926.42967344431963 16135.899246579713 359.25928992041736 1336.1001049317347 144.29660348923062 657.65399434214487 1626.4121708571911 3696.522065189718 379.96475137602829 5682.2804717905819 20.660299362636579 309.34521328162009 5501.7475640121847 4784.4609841555357 173877.43279740214 2031.7036755755544 118.94290119537618 4469.6619953760892 6407.339311093092 1493.8053054053598 174.37705401254061 332.7851882558316
leaf_count=71639 9876 49452 353257 178528 3306 13248 13618 12201 40475 5315058 131124 55849 6022072 491133 136885 14515 114567 1349 20714 2079127 8266456 13121 474 45986 153596 31122 24626 8904 14337 39575 1038 3468320 22705 28079 87017 19967 9953 127551 54586 25968 14145 1076988 4308 228267 6667 605581 3654 835384 70412 129367 2041 2502942 113204 54841 982830 22726 20121 8268621 29257 10390 102655 1868
internal_value=-0.00029016 0.0364845 -0.0137462 -0.0118396 0.0403832 0.0505495 0.0177468 0.0319305 0.0348027 -0.0160913 0.0542169 0.0575225 -0.0356969 0.0221453 0.0609216 0.0283661 0.000186841 -0.00271524 0.00809423 -0.000308071 -0.0270202 0.0421507 0.0532772 -0.015088 0.0409329 0.0360147 0.0182159 0.036837 -0.0024402 0.0623199 0.0713911 -0.00465401 0.0420356 0.0447153 0.00228494 0.0189577 0.056709 0.00191257 0.058955 0.0631507 0.0153342 0.000857883 0.0157518 0.0334313 0.0493822 0.00637243 0.042602 0.00363598 0.0224049 -0.00795299 0.0629213 -0.0173306 -0.0163313 -0.015468 -0.0151658 -0.0238819 0.120307 -0.0371871 0.018728 0.0481464 0.053957 0.0122804
internal_weight=381959 102321 279639 257292 95257.2 43242.7 4349.05 52014.6 44340.1 7063.38 38893.6 30526.9 22346.7 14469.3 26216.9 3722.8 54717.9 40028 14690 34015.4 10548.4 8366.73 4097.19 202574 29870.9 17128.7 4330.64 4310 5907.91 25310.8 6842.86 4726.9 12798.1 11264.7 28316.7 2231.62 1112.52 10259.4 18467.9 12352.9 7674.46 26085.1 10338.3 1695.36 3983.37 2689.5 3728.17 19832.4 4430.54 6252.65 1045.7 5402.34 6012.54 196666 189850 6816.16 139.603 5146.04 6748.03 3120.22 906.096 8642.91
internal_count=42657643 11197761 31459882 6046534 1759350 667692 176151 1091658 1038380 9438411 491541 340155 25413348 766051 313901 162533 4747286 4414042 333244 4229199 25060091 151386 138265 1299248 272329 118733 55748 26254 60323 177016 40613 4123353 62985 40280 2150072 21316 149285 148265 136403 81817 53278 2128756 274918 232575 137791 4073901 17350 1912372 184979 216384 139332 8525014 184843 1238925 1161358 77567 22162 16535077 39133 14044 117170 42343
is_linear=0
shrinkage=0.05


Tree=9
num_leaves=63
num_cat=0
split_feature=0 3 3 5 0 2 0 2 2 3 6 2 2 4 7 3 1 3 6 2 3 2 5 1 0 2 4 1 3 6 2 4 0 0 4 2 2 3 1 2 4 6 2 4 0 1 6 6 1 2 2 2 3 3 3 2 1 7 1 3 5 6
split_gain=66683.7 7136.92 4497.43 3726.05 2621.15 1668.8 1053.29 823.619 1125.69 716.813 603.737 512.352 590.271 494.667 450.803 482.976 456.704 424.09 415.558 412.669 411.509 363.154 319.778 316.563 608.997 309.082 601.387 328.785 304.483 276.886 255.918 244.803 232.516 253.035 226.825 225.701 375.706 218.178 263.713 217.124 216.957 286.337 277.41 241.629 206.956 205.83 261.597 205.04 1327.03 202.175 266.162 200.184 197.778 194.575 545.981 200.542 194.354 190.726 481.502 227.377 188.515 180.661
threshold=1.5000000000000002 88202.804687500015 105006.55468750001 2.5000000000000004 2.5000000000000004 688770.81250000012 21.500000000000004 63.71049880981446 2427.547485351563 1303320.6250000002 12.500000000000002 109.64049911499025 89196.699218750015 1.0000000180025095e-35 1.0000000180025095e-35 59.939498901367195 0.10063291341066362 46060.814453125007 3.5000000000000004 1747020.4375000002 4899.1608886718759 109.64049911499025 2065.5000000000005 0.99090909957885753 24.500000000000004 378.61399841308599 1.0000000180025095e-35 0.34057971835136419 1453.2075195312502 10.500000000000002 261.00900268554693 1.5000000000000002 4.5000000000000009 13.500000000000002 1.0000000180025095e-35 5001495.0000000009 4750370.7500000009 1.0000000180025095e-35 0.99090909957885753 1149222.7500000002 1.5000000000000002 8.5000000000000018 609141.59375000012 4.5000000000000009 3.5000000000000004 0.20198300480842593 15.500000000000002 2.5000000000000004 0.1440781503915787 172.84450531005862 3145.429077148438 4031.795043945313 556.40899658203136 104.67199707031251 1453.2075195312502 11857.575195312502 0.071858864277601256 1.0000000180025095e-35 0.99090909957885753 59.939498901367195 11.500000000000002 6.5000000000000009
decision_type=2 2 2 2 2 2 2 2 2 2 2 2 2 2 2 2 2 2 2 2 2 2 2 2 2 2 2 2 2 2 2 2 2 2 2 2 2 2 2 2 2 2 2 2 2 2 2 2 2 2 2 2 2 2 2 2 2 2 2 2 2 2
left_child=2 4 3 21 7 11 18 34 25 29 -4 -6 20 39 15 60 -16 47 -7 22 30 57 -12 24 40 26 37 -28 -23 -3 31 -13 51 -34 -2 36 -20 38 -9 53 42 43 -14 -42 -31 46 -43 48 -17 56 -51 52 -32 -10 55 -55 -49 59 -59 -1 -5 -38
right_child=1 9 10 14 5 6 -8 8 13 -11 19 12 23 -15 16 17 -18 -19 35 -21 -22 28 -24 -25 -26 -27 27 -29 -30 44 32 -33 33 -35 -36 -37 61 -39 -40 -41 41 45 -44 -45 -46 -47 -48 49 -50 50 -52 -53 -54 54 -56 -57 -58 58 -60 -61 -62 -63
leaf_value=-0.029324553478039191 0.017458847997633167 -0.018490803774272039 -0.04313682854742306 -0.018538296994195801 0.019270835135893671 0.015206074953207756 -0.045079811402531089 0.06064810718166385 0.013249417564800242 -0.038595969132280659 -0.021509364450755575 0.046206096125702208 0.051365099910864881 0.03488021155278629 0.030062274670479724 0.16900262016441114 0.0041866011092332378 -0.017084371222578644 0.052895773500287652 -0.040598358623591159 0.020299491754269795 0.0041904825861928258 0.033682008801424031 0.028968744347507416 0.15129631336214686 0.043084058600201348 0.036924375808590863 0.0076339869359577043 -0.022136070192872604 -0.0019376647534554423 0.058078053230661952 0.0057077045366393745 0.064983034321153196 0.0097882345626701898 -0.0089956393250288855 -0.032287400230367545 0.45380594664665869 0.02075004811478981 0.037822007246786304 -0.014778117289679092 0.027183243229544313 -0.0093861433721579672 0.13787617802041977 -0.033632608715585412 0.030020617583184764 0.10043041032190428 0.06647053741075018 0.019852647252137007 0.0066177172962440332 0.0058721533543281707 -0.0066640889783284021 0.045627819919644867 0.03339823730188831 0.034617012824974126 0.01685792055568118 0.11147978566816924 -0.010467139553370612 -0.006297803990182706 -0.015402525385992316 -0.0091993544192533385 0.013024148545945555 0.11554784353331304
leaf_weight=4645.4091972335591 6872.8500704315702 1992.2304638037494 11302.723992532126 5399.0402435194628 1414.5736972899613 2652.0612127557433 598.86720889832941 1445.3086576700371 8181.0854945445099 2270.3660880750249 6589.0831915246599 2615.7015782342714 2162.7920262640255 4286.8560937018046 1965.4688161506492 132.02256248146296 12842.004719996825 3386.5257137473236 1082.3067946557494 3410.3867815460508 925.49697569716227 4435.4256454706192 272.46799684953658 4401.8665705919266 137.41594425484072 13340.89656569728 1406.757207209761 3001.658129978925 1458.6436634212732 2015.2437582811945 12236.234430326222 435.56679331669875 7096.3744722654374 214.30322519710171 917.92747450506067 75.603821600296214 7.5403230637311962 1567.0585619513295 10317.774069905281 588.01152049796656 1017.1696642115712 173.01818248815835 96.254452166518604 193.64790199324489 675.63945221318863 199.81912600900978 329.00081423330266 582.46055440870259 2323.6670009866357 16234.674990967069 5726.7709130623625 6417.6744077490075 874.44988370086503 131.27062449890946 1353.5910113337595 245.47918493325415 5621.7526800241321 15869.480065628886 171167.65534669161 2012.6155698522925 517.81888851930853 9.0834318832057743
leaf_count=54841 39133 49261 353257 113204 9333 13248 13618 12201 39121 5358646 10013523 10528 31620 491133 127860 985 205384 1398670 135013 12207239 136885 42841 2839329 13121 526 153596 31122 24626 17482 3431166 55849 6393 39303 1310 14145 11680 40 22705 28079 3465 8999 5075 1627 2620 599338 4018 83780 87017 22272 1076988 1513900 54586 25968 1452 228190 2690 129367 178528 982830 22726 71639 2552
internal_value=-0.000294908 0.0334171 -0.0132444 -0.011385 0.0368555 0.0457028 0.0165302 0.0293744 0.0319275 -0.0155462 -0.0351619 0.0488557 0.0499139 0.0205688 0.000172166 -0.00259136 0.007623 -0.000297319 0.0261816 -0.0263833 0.0531641 -0.0145542 -0.0193132 0.0384115 0.0480486 0.0373307 0.0330015 0.016987 -0.00232737 -0.00436584 0.0541809 0.0404287 0.0557428 0.0633666 0.0143412 0.0509298 0.0566791 0.038296 0.0406315 0.0147227 0.0446122 0.0321902 0.0551106 0.0174371 0.00609474 0.0575813 0.0403602 0.00155972 0.0154131 0.000351376 0.00260299 0.0528857 0.0564346 0.0164742 0.0317048 0.0848611 -0.00761793 -0.0149262 -0.0146301 -0.0232433 -0.0157743 0.286021
internal_weight=381873 105977 275896 254321 99023.3 45366.8 4425.46 53656.5 45865.7 6953.48 21574.7 40941.4 39526.8 14786.3 54732.2 39924.7 14807.5 34007.9 3826.6 10271.9 30815.8 199589 6861.55 8710.98 4309.12 31079.5 17738.6 4408.42 5894.07 4683.11 29890.3 3051.27 26839 7310.68 7790.78 1174.53 1098.93 13330.1 11763.1 10499.4 4171.7 1912.66 2259.05 1210.82 2690.88 701.838 502.019 30621.3 2455.69 28165.7 21961.4 19528.4 13110.7 9911.43 1730.34 376.75 6204.21 193695 187037 6658.02 5916.86 16.6238
internal_count=42657643 11197761 31459882 6046534 1759350 667692 176151 1091658 1038380 9438411 25413348 491541 482208 766051 4747286 4414042 333244 4229199 162533 25060091 330822 1299248 12852852 151386 138265 272329 118733 55748 60323 4079765 193937 16921 177016 40613 53278 149285 137605 62985 40280 274918 137739 104492 33247 11619 4030504 92873 88855 2830529 23257 2807272 2590888 136403 81817 271453 232332 4142 216384 1238925 1161358 77567 184843 2592
is_linear=0
shrinkage=0.05


Tree=10
num_leaves=63
num_cat=0
split_feature=0 3 2 1 0 2 0 2 2 6 3 3 4 2 4 2 2 0 0 2 2 6 1 2 6 1 3 1 4 4 0 6 3 6 1 0 3 2 1 3 5 4 2 2 3 2 3 1 3 2 3 1 0 3 6 6 4 2 5 5 3 3
split_gain=58977.6 6146.29 4322.07 3346.77 2146.45 1368.66 1004.93 674.772 901.508 629.36 552.592 530.653 454.288 426.344 435.468 423.496 421.779 418.778 354.556 346.136 599.176 398.878 328.742 468.007 623.048 432.371 313.567 310.913 306.218 302.014 355.922 267.905 266.287 260.884 258.859 249.234 235.798 233.174 237.573 232.8 215.479 193.999 236.569 185.906 319.702 402.265 330.315 184.487 180.313 180.042 176.828 172.987 171.685 192.507 171.329 166.868 166.178 159.807 253.186 154.804 152.347 151.507
threshold=1.5000000000000002 162653.66406250003 161794.78906250003 0.49545454978942877 2.5000000000000004 653416.40625000012 21.500000000000004 32.725500106811531 5037.0371093750009 190.50000000000003 1317330.3750000002 46060.814453125007 6.5000000000000009 109.64049911499025 1.0000000180025095e-35 109.64049911499025 28797.424804687504 48.500000000000007 3.5000000000000004 6133155.7500000009 5791105.2500000009 3.5000000000000004 0.20198300480842593 1.0000000180025095e-35 2.5000000000000004 0.1440781503915787 1718643.0625000002 0.99090909957885753 1.0000000180025095e-35 1.0000000180025095e-35 14.500000000000002 18.500000000000004 1.0000000180025095e-35 198.50000000000003 0.49545454978942877 20.500000000000004 59.939498901367195 378.61399841308599 0.036442687734961517 999942.56250000012 17.500000000000004 1.5000000000000002 742.76950073242199 8040.6879882812509 168.74549865722659 1.0000000180025095e-35 59.939498901367195 0.00046216060582082724 9211.3632812500018 1835268.6250000002 1.0000000180025095e-35 0.20198300480842593 3.5000000000000004 223026.89843750003 8.5000000000000018 4.5000000000000009 2.5000000000000004 153651.24218750003 17.500000000000004 4.5000000000000009 75911.125000000015 145122.64843750003
decision_type=2 2 2 2 2 2 2 2 2 2 2 2 2 2 2 2 2 2 2 2 2 2 2 2 2 2 2 2 2 2 2 2 2 2 2 2 2 2 2 2 2 2 2 2 2 2 2 2 2 2 2 2 2 2 2 2 2 2 2 2 2 2
left_child=2 4 3 11 7 12 19 -2 13 39 33 22 15 14 50 59 32 18 -18 20 21 -7 23 40 25 -25 47 43 49 30 36 -14 34 52 -17 48 -20 -34 -39 -4 -1 -36 -43 44 45 -5 -47 -11 -31 60 -9 -16 -3 -54 -13 -50 -35 -57 -59 -6 -10 -56
right_child=1 10 9 27 5 6 -8 8 28 26 -12 54 31 -15 51 16 17 -19 29 -21 -22 -23 -24 24 -26 -27 -28 -29 -30 35 -32 -33 37 56 41 -37 -38 38 -40 -41 -42 42 -44 -45 -46 46 -48 -49 55 -51 -52 -53 53 -55 61 57 -58 58 -60 -61 -62 -63
leaf_value=0.013212247584314593 0.0081367511418633433 -0.02143630954797935 -0.033557917336451422 -0.0060211175250277603 0.028055534786613198 0.015121408707969693 -0.044981781137827158 0.030310899158401308 0.014753369685526756 0.032701878047402058 -0.038306009609955533 -0.028067729893588123 -0.037638251580896703 0.035229287919354757 0.065827578213207671 0.069368890072933342 0.027240554276978021 0.16976044292232392 0.036596663231934605 -0.045654943426533506 0.26705270247307944 0.049016957063216751 -0.0033847826250275222 0.12293396798402277 0.00029934594249674234 0.02214525320314344 -0.035448725687095888 -0.014861937705687661 0.028916502128306449 0.056339111874622365 -0.016704522032755555 0.097756348782832736 0.016083416958981314 0.0077428224264702158 0.051704954593335808 0.13365456236859255 0.084270799086452797 -0.018613855036766248 0.045814385031381577 -0.045989144082120639 0.040294990791364955 0.0076752827113078133 0.049296621498493051 -0.032185717821578197 0.0050647818451626256 -0.028696708822679863 -0.0080060606825544719 -0.012761059027591082 -0.027833064100188432 -0.023945779141433893 -0.0014027354994459514 -0.0039079089716021493 0.073559094365492003 -0.0033132794676469846 -0.012007547335791978 0.0097719595454793962 0.072787948424348173 0.22078292293680396 0.049969538678109361 -0.0086134476166880442 -0.020146717637049553 0.032330697382360933
leaf_weight=5280.1427670792073 4406.0188710849834 2202.5036042861175 7104.6323120148081 15771.399830877781 1044.6057158112526 2712.8850463964045 591.46754855198742 6479.0772883819009 8401.6010041223199 242.89596361121949 2163.7003618932613 1951.5129099972546 249.68839227315038 29663.277473491224 93.128659948750283 1960.5672844822111 4944.4938486875035 59.727084845304489 4810.7185034189606 167.40931580600227 24.954840112543025 1276.3256092876691 21995.244191728532 167.26108564436436 22828.69308707066 291.01661086827517 1816.6391156243044 168590.98910272121 3846.9319705523158 3406.8846189474934 301.27862263403949 41.792928025242873 858.11665764142526 931.18666945888617 16998.425203286111 95.753931578190532 273.89829857003497 146.46351426225738 5408.5488241792191 8059.8262538409908 852.61603813851252 575.37093828245997 840.10155081748962 851.8649827465415 3759.0108833238482 4513.1094805374742 3370.0646423995495 2627.328449089473 117.52689074352384 333.19651640765369 471.43144289551856 1609.1110238432884 92.849751688539982 615.42822955985321 2049.8762851517131 203.56191342540842 108.81771953908901 24.501132749021053 153.26295436584769 396.60192717775499 323.94159330602997 211.68657245155555
leaf_count=123425 26860 316400 1114940 178528 3705 13299 14583 27352 196913 2524945 5315058 49284 4013 317500 4987 20985 180394 89 13607 8029 1514 189313 319766 1107 2811149 2704 11913928 982830 592566 50222 1145 5774 10528 3102027 32814 413 8407 81752 69434 1077528 90465 4604 3303 11008 37677 54841 35959 8337291 1124 2017 6671 18351 7810 65813 1585281 35803 266109 431 39386 5624 131032 207226
internal_value=-0.000297085 0.030706 -0.0127545 -0.0109882 0.0335888 0.0413733 0.0159698 0.0269151 0.0285302 -0.035218 -0.0180008 -0.000159032 0.0441985 0.0323801 0.0226097 0.0446239 0.0455565 0.0386451 0.0380869 0.0245999 0.0275405 0.0259757 0.00123902 0.00469594 0.00145937 0.0591184 -0.019198 -0.0140483 0.0170986 0.0437963 0.0360522 -0.0179574 0.049268 -0.00687353 0.0520682 0.0542081 0.0391808 0.0403652 0.0441126 -0.0401676 0.0169834 0.0502225 0.0323955 -0.00919475 -0.00847917 -0.0106316 -0.0198536 -0.00890366 0.0522267 0.0120773 0.02816 -5.63077e-05 -0.0145526 0.00685359 -0.0172167 0.0240844 0.014612 0.0401166 0.074616 0.0179657 0.0134555 -0.00784495
internal_weight=381763 109427 272336 252484 103313 47684.9 4773.04 55627.7 51221.7 19851.3 6114.49 55628 42911.9 38316 8652.75 42620.4 41179.2 14391.6 14331.9 4181.57 4014.17 3989.21 51415 29419.7 23287 458.278 4686.86 196856 12905.7 9387.39 5385.9 291.481 26787.6 3950.79 20374.5 4001.49 5084.62 6413.13 5555.01 15164.5 6132.76 18413.9 1415.47 28265.4 27413.6 23654.6 7883.17 2870.22 3905.74 9058.74 6950.51 1702.24 2910.78 708.278 4213.08 498.853 1040 381.326 177.764 1441.21 8725.54 2261.56
internal_count=42657643 11197761 31459882 6491250 2124544 800295 226738 1324249 1297389 24968632 9073217 5190407 573557 374861 57361 563770 554441 331021 330932 212155 204126 202612 3348616 3028850 2814960 3811 22776164 1300843 922528 150538 23159 9787 223420 3758159 61706 127379 22014 161714 151186 2192468 213890 40721 7907 318013 307005 269328 90800 10862236 126966 329962 34023 23338 390023 73623 1841791 76744 3368136 75620 39817 9329 327945 1792507
is_linear=0
shrinkage=0.05


Tree=11
num_leaves=63
num_cat=0
split_feature=0 3 3 1 0 2 0 6 2 2 3 3 4 2 2 0 2 2 6 5 6 2 2 0 3 1 1 4 5 4 6 2 3 3 3 6 1 5 6 0 5 2 1 6 4 6 5 2 3 2 3 6 2 4 2 6 2 2 5 0 3 6
split_gain=52283.4 5306.5 4143.49 3114.23 1755.87 1121.94 912.526 618.605 573.002 858.715 531.6 464.252 383.93 344.485 344.588 395.054 311.117 393.01 329.439 306.725 6343.43 447.962 303.704 466.494 301.423 293.864 290.027 260.709 252.11 252.826 250.407 240.448 599.679 384.652 236.504 236.228 325.133 304.239 232.995 230.465 207.51 241.921 187.219 270.635 185.148 178.235 172.111 167.522 292.712 376.902 315.718 166.895 166.435 246.472 162.398 160.832 160.029 159.897 159.635 151.897 151.891 148.636
threshold=1.5000000000000002 162653.66406250003 155940.84375000003 0.49545454978942877 2.5000000000000004 653416.40625000012 21.500000000000004 175.50000000000003 63.71049880981446 5037.0371093750009 1317330.3750000002 46060.814453125007 6.5000000000000009 109.64049911499025 89196.699218750015 41.500000000000007 6133155.7500000009 5791105.2500000009 3.5000000000000004 17.500000000000004 2.5000000000000004 172.84450531005862 609141.59375000012 8.5000000000000018 1718643.0625000002 0.99090909957885753 0.058997564017772681 1.0000000180025095e-35 3.5000000000000004 1.5000000000000002 10.500000000000002 1.0000000180025095e-35 168.74549865722659 3962.2924804687505 999942.56250000012 15.500000000000002 0.12613636255264285 30.500000000000004 18.500000000000004 7.5000000000000009 5.5000000000000009 241957.32812500003 0.20198300480842593 2.5000000000000004 1.0000000180025095e-35 58.500000000000007 2065.5000000000005 8040.6879882812509 168.74549865722659 1.0000000180025095e-35 59.939498901367195 6.5000000000000009 109.64049911499025 1.0000000180025095e-35 1835268.6250000002 10.500000000000002 428395.92187500006 1399.3349609375002 3.5000000000000004 2.5000000000000004 145122.64843750003 12.500000000000002
decision_type=2 2 2 2 2 2 2 2 2 2 2 2 2 2 2 2 2 2 2 2 2 2 2 2 2 2 2 2 2 2 2 2 2 2 2 2 2 2 2 2 2 2 2 2 2 2 2 2 2 2 2 2 2 2 2 2 2 2 2 2 2 2
left_child=2 4 3 11 8 12 16 34 44 52 30 19 13 -6 26 22 17 18 -7 31 -21 -22 40 28 46 47 -15 54 -24 -30 -3 42 -33 51 -4 37 -37 39 -14 -28 41 -16 -1 -44 58 -23 -9 48 49 -5 -51 -34 53 -10 -11 -39 -42 -38 -2 -32 -13 -62
right_child=1 10 7 25 5 6 -8 24 9 27 -12 60 38 14 15 -17 -18 -19 -20 20 21 45 23 -25 -26 -27 35 -29 29 -31 59 32 33 -35 -36 36 57 55 -40 -41 56 -43 43 -45 -46 -47 -48 -49 -50 50 -52 -53 -54 -55 -56 -57 -58 -59 -60 -61 61 -63
leaf_value=0.012386249252211051 0.012985663616849939 -0.021983929082873187 -0.032983795339899681 -0.0057549825160184134 0.01675709699447386 0.014149896560411544 -0.044725702580596577 -0.013049402208246318 0.028175781829353309 0.012610142803367322 -0.037831781050298614 -0.018805233938612217 -0.037100965873663017 0.0025209857793288305 0.0085781641400649433 0.13642622743395311 -0.045399876948176252 0.19645800192452412 0.044402929114936505 0.77476394985315189 0.03191207875352297 0.0069292183300165913 0.0097151377413702451 -0.028123559145746865 -0.035183694858789354 -0.014332539028744561 0.043223538921177959 0.026691058644441181 0.19508826039428748 0.049797818082919824 -0.007218945445903055 -0.011608527499653812 0.0093001662374606522 -0.013751046585115598 -0.045755538038503241 0.050456993337624101 0.030505528052098992 -0.038434178041119781 0.084801586753461902 0.063343646757566999 0.040670325246217665 0.035054764174976133 0.014873692929415976 -0.0048651924036034666 -0.0087105354602372165 -0.0129214764784049 0.028338822671676089 -0.031207733187052153 0.0047871125597003239 -0.028064852454017703 -0.0076675607948905287 -0.0021806845165647493 0.032320049271800461 0.0013747989955607512 -0.023306415452694903 0.033743231743765881 0.019131739702155651 0.14831278832684647 0.040431842789816062 0.018480862262917584 -0.018456478855022093 0.066258936972281954
leaf_weight=5348.8823718186468 6529.1581194699102 1577.5208588652349 6926.6010603402283 15678.186426982284 1466.7307036066559 2753.1851384490692 565.76795171030244 2710.8076088564412 4191.3809861766058 8841.1516447866379 2083.3409856798571 3783.901917633073 240.87829138059169 421.18575387580495 1882.6267659887671 90.244789956137538 160.12250690835572 32.344670017628232 1336.9475153861713 26.06874890625113 1522.9052963854701 4002.766399951186 37.672310948371887 66.256512948020827 1786.0658678239961 166140.97548455 30865.528129103594 3956.427996793318 107.63325009731489 42.509281211081543 1343.9900805258221 11934.155520489439 10907.227956272662 2946.1868693400174 7644.3762059045839 448.85487858764827 35.673965870402753 168.84130349569023 45.807302156055812 1496.3535161875188 4339.7661415696202 1592.982210047543 2386.0931139886379 6370.6466921791434 911.71010928633768 1574.8655575463599 275.88714327799971 808.69611824303865 3777.7574171125889 4387.2378164157271 3343.6352224200964 4459.104413154535 30688.993486279644 1078.659284118643 325.44746271241456 140.48813054244965 1079.6525682356296 162.84834647411481 575.93015044851199 1003.2938054594342 99.84821074642241 105.78357077679902
leaf_count=123425 27228 40348 1041734 178528 9329 13299 14583 8366022 17447 327945 5315058 1630040 4013 169758 6184 143 8029 1514 189313 143 223585 456002 116 361 11957071 982830 124013 592566 1375 3677 2441749 271894 194824 81551 1001908 20881 950 1405 5774 4243 170281 5398 19602 99752 14145 1681128 2697087 10750 37677 54841 35959 196710 317500 13496 2017 3193 37770 4693 11905 1276062 3985 112834
internal_value=-0.000297165 0.0282933 -0.0122764 -0.0105487 0.0308682 0.0377524 0.0149024 -0.0345693 0.0248898 0.0269142 -0.0174244 -0.000100275 0.0402286 0.0406007 0.041414 0.0328496 0.0227883 0.0254472 0.0240472 0.00117327 0.0108007 0.00788723 0.0318132 0.0856386 -0.0189403 -0.013534 0.0437582 0.0159646 0.125708 0.154554 -0.00658496 -0.000373899 -0.00288797 0.00279549 -0.0396869 0.0442794 0.0742128 0.0436841 -0.017396 0.0441558 0.0302663 0.0207198 0.00501683 0.000514471 0.012494 0.00132299 -0.00921808 -0.00879443 -0.0081266 -0.0102107 -0.0192451 0.00596865 0.0309096 0.0226915 0.0113326 -0.00565027 0.0363837 0.127402 0.0152158 0.00376905 -0.0165296 0.0252336
internal_weight=381637 112688 268949 249605 106680 49580.9 4848.37 19343.7 57098.9 49082.1 6008.15 55468.4 44732.5 44445.8 42979.1 9239.34 4282.6 4122.48 4090.13 51478.9 7126.61 7100.54 9149.1 254.071 4772.76 194136 33739.8 13123 187.815 150.143 3924.8 44352.3 30246.7 18312.5 14571 33318.6 647.377 32671.2 286.686 32361.9 8895.03 3475.61 14105.6 8756.74 8016.8 5577.63 2986.69 27995.5 27186.8 23409.1 7730.87 15366.3 35959 5270.04 9166.6 309.329 5419.42 198.522 7105.09 2347.28 3989.53 205.632
internal_count=42657643 11197761 31459882 6396060 2124544 800295 226738 25063822 1324249 1270971 9073217 5095475 573557 563770 554441 225305 212155 204126 202612 3348616 2360858 2360715 225162 5529 23020180 1300585 329136 922528 5168 5052 3758159 987758 744979 473085 2043642 159378 26524 132854 9787 128256 219633 11582 242779 119354 53278 2137130 11063109 317755 307005 269328 90800 391534 348443 30943 329962 4598 208051 5643 39133 3717811 1746859 116819
is_linear=0
shrinkage=0.05


Tree=12
num_leaves=63
num_cat=0
split_feature=0 3 2 5 0 0 4 4 6 2 3 2 2 3 2 2 6 4 3 3 2 4 1 2 6 1 5 1 6 3 6 4 1 6 0 2 6 5 2 5 6 2 3 2 3 6 3 3 3 3 2 5 1 2 0 3 2 3 6 2 4 2
split_gain=46447.4 4601.72 3966.16 2860.88 1448.31 959.849 710.613 801.601 620.262 617.417 510.838 509.883 637.138 445.599 407.889 312.556 310.61 305.439 293.417 290.417 280.542 324.045 275.113 359.34 463.786 680.226 272.716 256.389 302.471 241.218 231.738 230.799 224.415 371.933 205.921 256.397 201.228 191.763 178.505 170.009 169.922 167.592 267.868 352.682 301.293 163.589 157.052 150.655 148.519 205.561 165.65 148.486 146.818 139.561 135.035 130.957 303.138 264.078 241.64 130.653 217.469 232.714
threshold=1.5000000000000002 162653.66406250003 161794.78906250003 2.5000000000000004 2.5000000000000004 19.500000000000004 1.0000000180025095e-35 2.5000000000000004 190.50000000000003 89196.699218750015 1317330.3750000002 32.725500106811531 5037.0371093750009 46060.814453125007 261.00900268554693 6133155.7500000009 5.5000000000000009 3.5000000000000004 4899.1608886718759 1718643.0625000002 109.64049911499025 1.0000000180025095e-35 0.20198300480842593 1.0000000180025095e-35 2.5000000000000004 0.12613636255264285 1.5000000000000002 0.16774892061948779 15.500000000000002 999942.56250000012 10.500000000000002 1.5000000000000002 0.25320513546466833 3.5000000000000004 7.5000000000000009 1031.2100219726565 65.500000000000014 3.5000000000000004 1149222.7500000002 109.50000000000001 74.500000000000014 8040.6879882812509 168.74549865722659 1.0000000180025095e-35 59.939498901367195 8.5000000000000018 261.13798522949224 1.0000000180025095e-35 24423.888671875004 59.939498901367195 1125354.1250000002 2065.5000000000005 0.20198300480842593 32.725500106811531 2.5000000000000004 168.74549865722659 1.0000000180025095e-35 2486.7399902343755 2.5000000000000004 1859.070983886719 1.0000000180025095e-35 79913.378906250015
decision_type=2 2 2 2 2 2 2 2 2 2 2 2 2 2 2 2 2 2 2 2 2 2 2 2 2 2 2 2 2 2 2 2 2 2 2 2 2 2 2 2 2 2 2 2 2 2 2 2 2 2 2 2 2 2 2 2 2 2 2 2 2 2
left_child=2 4 3 26 11 9 -7 -8 29 14 30 -2 20 22 31 16 17 37 34 51 21 47 23 40 25 -25 -1 28 -18 -4 -3 53 33 -14 59 -36 -35 -11 -34 -30 -5 42 43 -28 -45 -15 -29 -13 49 50 -39 -10 -23 -6 -32 56 58 -57 -24 -16 61 -61
right_child=1 10 8 13 5 6 7 -9 19 15 -12 12 32 45 18 -17 27 -19 -20 -21 -22 52 55 24 -26 -27 41 46 39 -31 54 -33 38 36 35 -37 -38 48 -40 -41 -42 -43 -44 44 -46 -47 -48 -49 -50 -51 -52 -53 -54 -55 -56 57 -58 -59 -60 60 -62 -63
leaf_value=-0.013814652518432538 0.0068935600283829314 -0.021354211280888317 -0.032403617067673078 0.0136868119973001 -0.0053982533562043356 -0.04529230993157788 0.10890451341406804 -0.025511683099257523 -0.011993711468488764 0.01107461147370227 -0.037346134617921294 0.026215658790247051 0.095242345850523422 -0.026987004704461828 0.044347973752884073 -0.045030491141300533 -0.012688517457739799 -0.024655262071706728 0.014469533470527816 -0.034354179025380703 0.029737818196044222 0.058783495739212238 0.013920821817866616 0.13902251691435172 0.00031973644095280117 0.011510325845645786 -0.0054991373095436219 0.043567059618504898 0.059525773768065553 -0.045554800020136753 -0.0069083838181719917 -0.0030290385659346559 0.013023457543522672 0.028738621159263594 0.0084478237489791132 0.06690663906491566 -0.0014709892015150666 0.030446333416569694 -0.012641603475283675 0.013056149129261733 0.07528437305464443 -0.030993233905659463 0.004525932853321024 -0.027429695649645838 -0.0073408757536735821 -0.0068735916364101625 0.076804042253836663 -0.0026585089165159746 -0.01238690984747514 0.057390004498031791 0.010804940787605233 0.026159570020633502 -0.0036182809273824948 0.031966041002943653 0.017235929603483927 0.0078086577934069054 -0.013631904594028311 -0.017938018029148971 -0.0046446875610042567 0.030389841218652094 0.045013565667607128 0.062248908408560261
leaf_weight=163811.46346271038 4500.3225740025737 1543.7406996656173 6654.3873348278685 6222.339310345702 266.05841649846843 645.79616198828808 205.6079156541382 238.82736722471236 2537.662210894945 2016.0075808167494 2006.8724927401563 6820.292200439937 182.74077843129635 1862.6431386526638 14308.304182295658 150.20229968094282 368.77588468138129 319.30893823690712 1007.4068049318303 1694.1666304708415 31659.963289988031 99.159374829127046 2421.0848375856876 146.65578606724739 22819.403616888641 359.31329184770584 15589.59997728467 971.69529516063631 511.86043677548878 7362.0360549160978 1334.4814115172667 616.85294690531737 9213.8420848846436 2494.5109530375339 216.43417501295335 1420.619080857723 707.39971199827414 6293.4378302618861 730.47544939443469 320.5179124100905 113.07097060309025 800.18209052458405 3795.5607565566897 4267.4865311086178 3318.5144399255514 2211.4962650778652 566.10331752290949 483.61142646549706 218.46947985887527 604.59401807188988 1295.9414041675627 282.54685199911546 1599.2536276727915 4050.5296219949596 1021.5567238296571 5178.4016760103405 6715.3286064527929 1232.0485068634152 6340.282610245049 8190.0502643565851 5953.7865210073651 616.52833845280111
leaf_count=982830 26860 40348 1114940 166750 1307 4243 1510 13030 8175546 6179 5315058 27352 1330 49284 65968 7901 10729 3490 137602 11913928 317500 4987 19602 710 2811149 3101 178528 12197 26991 1077528 2441749 8901 52273 115065 1068 6916 748858 24871 5002 325437 47140 11008 37677 54841 35959 1792507 9400 6671 2607 4117 7171 2686690 18351 16012 1276062 72965 109288 18159 99752 23637 77435 1576
internal_value=-0.000296846 0.0261346 -0.0118122 -0.0101396 0.0284459 0.0345719 -0.0118332 0.0367778 -0.0341223 0.0355782 -0.0168551 0.023065 0.0244128 -0.000156979 0.0389587 0.0264917 0.0272915 0.0234569 0.0410399 -0.0179977 0.0275227 0.0197298 0.00110129 0.00423902 0.00137061 0.0486712 -0.0130379 0.0423247 0.0249837 -0.0393139 -0.00630336 0.025575 0.0149241 0.0260438 0.0419111 0.0591877 0.022066 0.0249323 0.0111371 0.0416692 0.0147979 -0.0084557 -0.00778593 -0.0098024 -0.0186439 -0.0160735 0.0558444 0.0243037 0.0282515 0.0293364 0.0270943 -0.00816335 5.74028e-05 0.0296623 0.00356324 -0.00315086 -0.00563987 0.00285828 0.000486642 0.0409361 0.037626 0.032627
internal_weight=381508 115772 265736 247205 109865 51373.7 1090.23 444.435 18530.8 50283.5 5906.65 58491.6 53991.2 55622.1 36646.6 13636.9 13486.7 10747.8 31713.1 4514.38 40662.3 9002.32 51547.9 29660.8 23325.4 505.969 191583 2738.95 1201.15 14016.4 3899.78 4933.44 13329 3384.65 30705.7 1637.05 3201.91 10428.5 9944.32 832.378 6335.41 27771.3 26971.2 23175.6 7586 4074.14 1537.8 7303.9 8412.44 8193.97 7589.38 2820.21 1698.41 4316.59 2356.04 21887.1 15476.7 6410.45 8761.37 29068.7 14760.4 8806.58
internal_count=42657643 11197761 31459882 6491250 2124544 800295 18783 14540 24968632 781512 9073217 1324249 1297389 5190407 340422 441090 433189 48435 314202 22776164 374861 57361 3348616 3028850 2814960 3811 1300843 384754 363157 2192468 3758159 26220 922528 865253 176600 7984 863923 44945 57275 352428 213890 318013 307005 269328 90800 1841791 21597 34023 38766 36159 32042 10862236 23338 17319 3717811 319766 228642 91124 119354 168616 102648 25213
is_linear=0
shrinkage=0.05


Tree=13
num_leaves=63
num_cat=0
split_feature=0 3 2 5 0 0 4 2 6 2 2 2 3 3 2 6 3 1 3 5 2 4 1 2 2 3 6 5 5 6 2 5 3 4 6 0 6 1 3 3 2 3 4 1 0 4 2 5 6 2 2 2 3 2 3 6 1 6 3 4 2 2
split_gain=41332.5 4008.86 3791.21 2642.42 1245.88 814.49 662.643 702.83 614.217 499.278 467.982 533.838 440.434 408.476 333.406 295.134 341.381 320.158 501.11 401.235 296.74 502.601 306.569 281.414 280.888 280.548 268.631 265.282 260.821 2271.15 365.121 254.901 234.012 221.623 219.615 216.82 231.181 215.104 201.415 342.388 419.48 273.835 197.893 184.827 184.341 208.446 166.165 163.704 161.612 161.116 158.975 158.743 245.013 329.602 287.082 155.331 154.673 316.919 224.414 152.599 152.245 151.263
threshold=1.5000000000000002 193373.34375000003 161794.78906250003 2.5000000000000004 2.5000000000000004 19.500000000000004 1.0000000180025095e-35 434170.00000000006 175.50000000000003 89196.699218750015 96906.863281250015 63.71049880981446 1317330.3750000002 46060.814453125007 261.00900268554693 26.500000000000004 1.0000000180025095e-35 0.34057971835136419 1.0000000180025095e-35 50.500000000000007 1031.2100219726565 1.0000000180025095e-35 0.99090909957885753 378.61399841308599 6133155.7500000009 1718643.0625000002 3.5000000000000004 98.500000000000014 17.500000000000004 2.5000000000000004 172.84450531005862 1.5000000000000002 999942.56250000012 1.5000000000000002 258.50000000000006 3.5000000000000004 15.500000000000002 0.20198300480842593 3962.2924804687505 387.91250610351568 1.0000000180025095e-35 59.939498901367195 1.5000000000000002 0.12613636255264285 3.5000000000000004 1.0000000180025095e-35 66835.367187500015 9.5000000000000018 58.500000000000007 4031.795043945313 273482.87500000006 8040.6879882812509 168.74549865722659 1.0000000180025095e-35 59.939498901367195 8.5000000000000018 0.20198300480842593 10.500000000000002 28.184000015258793 1.0000000180025095e-35 1031.2100219726565 378.61399841308599
decision_type=2 2 2 2 2 2 2 2 2 2 2 2 2 2 2 2 2 2 2 2 2 2 2 2 2 2 2 2 2 2 2 2 2 2 2 2 2 2 2 2 2 2 2 2 2 2 2 2 2 2 2 2 2 2 2 2 2 2 2 2 2 2
left_child=2 4 3 31 10 9 -7 -8 32 14 11 59 34 28 42 17 -17 18 -13 60 21 61 -22 -23 26 -10 33 35 38 -30 -31 -1 -4 44 -3 49 37 -37 39 40 -5 -42 -6 -38 -11 -46 -24 -35 -32 -16 -47 52 53 -33 -55 -15 57 -28 -58 -2 -20 -19
right_child=1 12 8 13 5 6 7 -9 25 24 -12 15 -14 55 27 16 -18 20 19 -21 22 23 46 -25 -26 -27 56 -29 29 30 48 51 -34 47 -36 36 43 -39 -40 -41 41 -43 -44 -45 45 50 -48 -49 -50 -51 -52 -53 -54 54 -56 -57 58 -59 -60 -61 -62 -63
leaf_value=-0.013308544367989499 0.013328334960169837 -0.01424143650025938 -0.032029473577236622 0.0044366105614178737 0.02737086100889724 -0.045021317633438349 0.10688236143527258 -0.018226307937199118 -0.0083559451900883704 0.012523438971080027 0.0073976895026874115 0.055939966131507118 -0.03684918997270524 -0.026347699246049957 0.037130189734356882 0.13903348732007315 -0.0048525631032085119 0.026775758636667125 0.018319387537232123 0.15334211763588468 0.029067190951426809 0.0033932018519763005 0.0083778992905825366 0.031886493373982236 -0.044449746548066799 -0.034085642155738852 -0.015536813726628998 -0.010190431488097399 0.31312567612304493 0.028386588655558154 0.0065190287918372994 -0.0052533101186644383 -0.04530272792964754 0.022612695254717874 0.014846852359846108 0.0071640462375624075 0.048311936913782355 0.04187140951990849 -0.013135496263573243 0.0089020367810126195 -0.016409880778599065 -0.0029604600636928997 -0.0028865258637277898 0.11172551231445804 0.023808139914965429 0.023556281699048082 0.031119053714342065 -0.025957132994290606 -0.012448797027388535 0.026277812970598603 0.064434304467346853 -0.030383501582639312 0.0042801321049827637 -0.026791988462703947 -0.0070257991279842266 -0.0065755829423388649 0.030294156162113197 0.036340560462922514 0.060704943578697934 -0.008423474558835407 0.033363383023967741 0.036069028752450723
leaf_weight=161596.58026859158 7312.8437681380819 2658.0065270380546 6360.1111329449304 14252.826984029278 4440.5013760458241 617.9699534364081 192.11216531333048 267.53931563142032 2906.1683795140452 2888.9119679220021 5521.0898065857618 2003.3790832087398 1934.1084641304296 1813.7290494311637 10949.426625173073 41.745359389766236 1156.6373049460599 14371.491955794394 3168.4975042454898 61.794312968384475 3395.3641635999084 3233.417127404362 6842.1160441637039 1182.9793839603662 144.7119000517705 1667.08126071468 383.4825481120497 288.78637489989342 60.207640141248703 1590.0340485434208 4031.3499527354725 15505.412598960102 6984.1709615061409 294.34900791198015 857.45346379854163 459.8845595587045 262.44188972143456 15784.724927473813 2897.9431454688311 9375.5834680115804 5447.6329843420535 12394.208630852401 615.03967040935822 207.40669166715816 5286.4934680089355 389.57502979040146 909.38733959197998 419.55650752037764 1555.4818398802527 4992.7163848278578 616.55852355062962 776.06613514944911 3812.468338727951 4153.5614345669746 3294.6378131210804 2196.5720321882945 1343.7342344578356 1259.4517865749513 1111.2492293473333 905.53105422122462 3595.6260683960281 6316.9875478595495
leaf_count=982830 39133 482847 1019445 242779 17319 4246 1159 13820 10990208 11265 556927 26414 5315058 49284 47589 8923 557956 43868 52929 1993 22719 24626 20963 6519 8883 11957071 7805 154812 143 223585 456002 178528 1001908 1658 3041171 6675 11735 47794 81551 250953 127101 285374 8901 4966 16746 1691 3536 2951 1681128 40631 2992 11008 37677 54841 35959 1792507 14511 438094 14122 14145 79410 18259
internal_value=-0.00029418 0.024194 -0.0113589 -0.00973356 0.0262099 0.03178 -0.0112375 0.0341816 -0.0335597 0.0326693 0.0212707 0.022676 -0.0176917 -0.000152841 0.0356544 0.0247614 0.000271413 0.0254124 0.0339527 0.0274923 0.0233315 0.0263463 0.0165399 0.0110309 0.024644 -0.0177406 0.0253617 0.0374896 0.00104181 0.00984245 0.0072549 -0.0125507 -0.0389793 0.0208996 -0.00714433 0.0379115 0.0418944 0.0408893 -0.000393891 0.000496788 -0.00195878 -0.00706765 0.02369 0.0764826 0.022986 0.0277865 0.0110495 -0.00592778 0.00123674 0.0337333 0.0486454 -0.00810406 -0.00745697 -0.00940654 -0.0180507 -0.0155222 0.0361287 0.0242296 0.0440787 0.0109309 0.0263201 0.029615
internal_weight=381357 118685 262672 244754 113236 53216.6 1077.62 459.651 17917.5 52139 60018.9 54497.8 5449.57 55615.6 38000.9 46279.4 1198.38 45081 8829.3 6825.92 36251.7 25104.9 11146.9 4416.4 14138.1 4573.25 13993.4 32945.4 51605.3 7237.07 7176.87 189139 13344.3 9895.44 3515.46 32656.6 16714.5 16244.6 44368.2 41470.3 32094.7 17841.8 5055.54 469.849 9181.54 6292.63 7751.5 713.906 5586.83 15942.1 1006.13 27542.1 26766.1 22953.6 7448.2 4010.3 4097.92 1642.93 2454.98 8218.37 6764.12 20688.5
internal_count=42657643 11197761 31459882 6491250 2358685 880365 19225 14979 24968632 861140 1478320 921393 8839076 5190407 340422 868115 566879 301236 160746 134332 140490 93272 47218 31145 520718 22947279 511835 314202 3348616 2360858 2360715 1300843 2021353 37303 3524018 159390 71170 54469 987758 906207 655254 412475 26220 16701 32694 21429 24499 4609 2137130 88220 4683 318013 307005 269328 90800 1841791 474532 445899 28633 53278 132339 62127
is_linear=0
shrinkage=0.05


Tree=14
num_leaves=63
num_cat=0
split_feature=0 2 3 1 0 0 4 2 6 3 2 2 2 3 4 2 2 2 2 3 6 4 1 2 4 5 2 6 1 5 6 5 1 6 5 0 6 4 1 5 6 3 2 3 2 3 6 0 3 5 2 2 3 3 3 2 1 5 6 6 3 6
split_gain=36837.3 3618.72 3508.27 2437.81 1007.51 711.29 613.16 639.424 607.633 468.498 429.849 393.049 488.484 374.176 292.483 275.655 273.065 256.263 257.721 248.871 239.29 256.178 237.93 236.532 320.492 235.397 294.723 361.407 400.679 225.78 208.825 189.87 188.271 242.861 179.048 176.656 177.847 185.777 192.073 157.329 150.214 153.029 150.169 224.001 307.652 273.12 147.272 144.08 143.737 137.482 172.425 133.428 132.374 186.946 329.736 138.261 132.224 131.525 130.62 126.929 123.945 494.565
threshold=1.5000000000000002 161794.78906250003 162653.66406250003 0.49545454978942877 2.5000000000000004 20.500000000000004 1.0000000180025095e-35 506853.04687500006 190.50000000000003 1317330.3750000002 89196.699218750015 32.725500106811531 2427.547485351563 46060.814453125007 1.0000000180025095e-35 261.00900268554693 2918034.5000000005 6133155.7500000009 5791105.2500000009 999942.56250000012 5.5000000000000009 3.5000000000000004 0.99090909957885753 172.84450531005862 1.0000000180025095e-35 4.5000000000000009 1.0000000180025095e-35 2.5000000000000004 0.12613636255264285 98.500000000000014 6.5000000000000009 14.500000000000002 0.16774892061948779 15.500000000000002 3.5000000000000004 3.5000000000000004 15.500000000000002 2.5000000000000004 0.20198300480842593 2187.5000000000005 4.5000000000000009 1.0000000180025095e-35 8040.6879882812509 168.74549865722659 1.0000000180025095e-35 59.939498901367195 8.5000000000000018 2.5000000000000004 1071.340515136719 3.5000000000000004 1125354.1250000002 1835268.6250000002 75911.125000000015 104.67199707031251 1453.2075195312502 11857.575195312502 0.12613636255264285 109.50000000000001 31.500000000000004 8.5000000000000018 145122.64843750003 18.500000000000004
decision_type=2 2 2 2 2 2 2 2 2 2 2 2 2 2 2 2 2 2 2 2 2 2 2 2 2 2 2 2 2 2 2 2 2 2 2 2 2 2 2 2 2 2 2 2 2 2 2 2 2 2 2 2 2 2 2 2 2 2 2 2 2 2
left_child=1 3 4 13 11 10 -7 -8 19 30 15 -2 23 25 51 34 39 18 20 59 21 49 42 24 40 -1 58 28 -28 35 -4 -26 33 -22 -6 48 37 -37 -39 -10 41 -13 43 44 -5 -46 -15 -32 -17 -12 -51 52 53 -14 55 -55 -38 -35 -27 -3 -48 -62
right_child=2 8 9 22 5 6 7 -9 16 -11 17 12 14 46 -16 29 -18 -19 -20 -21 32 -23 -24 -25 31 26 27 -29 -30 -31 47 -33 -34 57 -36 36 56 38 -40 -41 -42 -43 -44 -45 45 -47 60 -49 -50 50 -52 -53 -54 54 -56 -57 -58 -59 -60 -61 61 -63
leaf_value=-0.0029659183017115404 0.0058339353416388155 -0.037579348943040235 -0.023574101506510535 -0.0050172223826007722 0.031658767956349178 -0.049080428946175328 0.09401544218150501 -0.028362195307801236 -0.01418915633281159 -0.036341108934201082 0.0092394290376913955 0.023411374180963 0.0083625921202330686 -0.025707177173948517 0.02377806470546312 0.032263152482865931 -0.041252534348825767 -0.044561615104649371 0.14782709528342092 -0.045088450387124002 -0.012970315341571479 -0.024556717947899522 -0.012814454390959382 0.027018813498471156 0.002141030220582772 0.011751134228460195 0.10176870626177681 0.00029092862614020314 0.010981969138278074 -0.0098218066854008513 -0.0084215266854122083 0.073186865541500126 0.046502990954766427 0.049900195939149516 0.013031435331380285 0.039533070505307744 0.043848870766443733 -0.015034355848043406 0.029552921390434295 0.019724561585859689 0.05717688025686727 0.00065216865405313029 -0.029767776955632409 0.0040486819968021219 -0.026152491769959953 -0.0067221167299484465 -0.010281426062577644 0.014843638156744228 0.013418919016037251 0.0266564367354198 0.0077985266524955368 -0.022531868725568283 -0.02077763357324567 0.023784644311302405 0.013667621601123059 0.08278849996653101 0.095502678918967632 0.010285858621158833 0.045860473195587712 -0.023211502999342475 0.14994819444307478 -0.01703384227381027
leaf_weight=21801.996821709017 4583.9286002535882 3476.7933678487316 1157.9887538272815 15425.40573772043 2480.8957340717316 533.38314307527617 207.21547509735683 218.29020462358312 3068.5181474157871 1864.8712061368497 2058.0640996396542 10623.225564792752 9058.6616864279349 1767.1963398065418 5143.5567920852118 15369.803192004096 905.56268601020565 139.6183213934346 40.459221331773733 6730.1048063145136 371.56299571692944 318.29307100176811 159490.74603974819 25097.78750618123 2902.4591836072505 6188.639378878288 182.07582370191813 22831.997373757655 362.37671657651663 286.26463081793918 1513.9572508116835 96.193388418287213 1691.7000430217013 559.6695903679356 2691.4645369096179 14443.65917327255 274.46906713116914 271.36520913802087 2156.8835898935795 383.97480782114144 308.12019831356156 793.83015080541372 753.12162376567721 3828.5257425159216 4045.1830462440848 3271.9441738799214 1962.4310623947167 1185.813800271615 1085.3552666236646 7446.3954606615007 1449.0168325453997 316.51942876121029 330.73796258772927 150.1966617815051 1354.3655471282837 298.06587735442736 229.85555138345808 335.55891668127879 293.17448785537272 2768.9092929575127 60.307081745006144 159.64953449457971
leaf_count=319766 26860 109471 23883 178528 4929 3992 1085 12176 11074478 5315058 6168 33040 40475 49284 635992 60845 7205996 7979 1512 1077528 10887 3573 982830 210797 31249 152102 710 2811149 3101 154844 2451233 6427 21812 26971 21296 35661 11735 4087 14754 4495690 11210 6024 11008 37677 54841 35959 1585281 1283043 27375 30839 8094 2017 131032 1452 184909 2765 4974 324707 61788 1005469 4891 202335
internal_value=-0.000290855 -0.0109184 0.0224413 -0.00934027 0.0243312 0.0292626 -0.0134097 0.0313147 -0.0329879 -0.0157717 0.0300248 0.0199163 0.0210592 -0.000150343 0.0138667 0.0327345 -0.016829 0.0226348 0.0232953 -0.0384133 0.0229309 0.0196059 -0.0120758 0.0240665 0.0190325 0.000983815 0.00386785 0.00125184 0.0414738 0.0343657 -0.00582149 0.00444374 0.0355881 0.0209869 0.0219703 0.0347399 0.0382595 0.0373806 0.024566 -0.0104128 0.0227628 0.0218291 -0.00776429 -0.00713953 -0.00902307 -0.0174661 -0.0149815 0.00179889 0.0310211 0.0208913 0.0235858 0.00943523 0.0103412 0.0112906 0.0259921 0.0631154 0.0675335 0.0350796 0.0133007 -0.0312144 -0.00628861 0.0292202
internal_weight=381198 259759 121440 242425 115717 54659.2 958.889 425.506 17333.9 5722.63 53700.4 61057.6 56473.7 55609.8 16652.1 39290 4358.06 14410.3 14270.7 12975.8 14230.3 11271.8 186815 39821.6 14723.8 51660.3 29858.3 23376.4 544.453 34117.7 3857.76 2998.65 2958.49 1266.79 5172.36 33831.4 17376.2 16871.9 2428.25 3452.49 11725.2 11417.1 27324.2 26571.1 22742.5 7317.13 3949.58 2699.77 16455.2 10953.5 8895.41 11508.5 11192 10861.3 1802.63 448.263 504.325 895.229 6481.81 6245.7 2182.39 219.957
internal_count=42657643 31459882 11197761 6491250 2124544 800295 17253 13261 24968632 9073217 783042 1324249 1297389 5190407 998642 340500 22776164 442542 434563 2192468 433051 48674 1300843 298747 87950 3348616 3028850 2814960 3811 314275 3758159 37676 384377 362565 26225 159431 71211 54502 18841 15570168 50274 39064 318013 307005 269328 90800 1841791 3734276 88220 45101 38933 362650 360633 229601 189126 4217 16709 351678 213890 1114940 1792507 207226
is_linear=0
shrinkage=0.05


Tree=15
num_leaves=63
num_cat=0
split_feature=0 3 3 1 0 6 0 4 4 2 3 2 2 2 7 3 2 6 3 1 3 1 5 2 2 2 3 2 4 1 2 1 6 4 6 1 6 6 3 3 1 6 6 0 2 6 2 3 5 1 2 0 2 2 1 3 1 4 1 3 2 6
split_gain=32876.3 3452.61 3085.59 2323.28 889.403 631.695 612.313 575.988 558.409 386.547 383.978 381.281 400.646 352.795 251.153 381.207 255.157 245.957 259.6 247.557 392.824 406.072 245.156 237.911 234.432 233.716 231.76 221.071 389.359 242.531 222.642 209.841 205.619 315.777 203.565 194.183 1320.54 193.736 185.909 184.839 168.832 258.645 161.799 155.17 150.554 148.024 274.904 684.762 408.128 147.463 147.192 145.904 298.104 140.551 318.187 171.895 131.886 162.672 128.971 123.422 123.415 123.331
threshold=1.5000000000000002 105006.55468750001 239076.51562500003 0.49545454978942877 2.5000000000000004 12.500000000000002 20.500000000000004 1.0000000180025095e-35 3.5000000000000004 1747020.4375000002 1317330.3750000002 96906.863281250015 63.71049880981446 89196.699218750015 1.0000000180025095e-35 59.939498901367195 4031.795043945313 26.500000000000004 1.0000000180025095e-35 0.34057971835136419 1.0000000180025095e-35 0.036442687734961517 5.5000000000000009 109.64049911499025 172.84450531005862 6133155.7500000009 1071.340515136719 1031.2100219726565 1.0000000180025095e-35 0.99090909957885753 378.61399841308599 0.00062781208544038247 6.5000000000000009 4.5000000000000009 266.50000000000006 0.10063291341066362 2.5000000000000004 2.5000000000000004 4899.1608886718759 387.91250610351568 0.1440781503915787 12.500000000000002 6.5000000000000009 3.5000000000000004 338277.68750000006 18.500000000000004 161794.78906250003 145122.64843750003 21.500000000000004 0.083683475852012648 66835.367187500015 6.5000000000000009 1031.2100219726565 1.0000000180025095e-35 0.99090909957885753 59.939498901367195 0.25320513546466833 1.0000000180025095e-35 0.99090909957885753 1.0000000180025095e-35 2958912.3750000005 12.500000000000002
decision_type=2 2 2 2 2 2 2 2 2 2 2 2 2 2 2 2 2 2 2 2 2 2 2 2 2 2 2 2 2 2 2 2 2 2 2 2 2 2 2 2 2 2 2 2 2 2 2 2 2 2 2 2 2 2 2 2 2 2 2 2 2 2
left_child=1 3 4 14 11 -3 13 -8 -9 31 34 12 56 24 15 49 39 19 -19 20 -14 -22 37 53 59 32 -25 28 -21 -29 -30 -7 33 43 -4 36 -18 -16 51 -17 41 -34 -41 -15 45 46 47 -33 -49 -1 -31 -26 58 54 -5 -55 -2 -58 -53 -6 -42 -13
right_child=2 5 10 23 6 9 7 8 -10 -11 -12 61 17 25 22 16 35 18 -20 27 21 -23 -24 26 38 -27 -28 29 30 50 -32 44 40 -35 -36 -37 -38 -39 -40 42 60 -43 -44 -45 -46 -47 -48 48 -50 -51 -52 52 -54 55 -56 -57 57 -59 -60 -61 -62 -63
leaf_value=0.01092464905484785 0.046937066113171222 -0.041162682797502161 -0.014335031075709529 -0.0047906102942399179 0.019618584293800895 0.01601121056865433 -0.048978309518797489 0.080592361266781654 -0.032575465931288516 -0.037993597763506498 -0.035822093509247248 0.0033387250497031681 0.047904468509773056 0.011292946583849599 0.01298754518920181 -0.0015673087805214763 0.21697724572300642 0.11055184264453721 -0.0055299211182236333 0.025441125345608225 0.1554131521989367 0.022520005913936429 0.01472063057925942 0.0044789955867301952 0.030835249324949628 -0.043990837709707541 -0.017927104385771695 0.025191742608905998 0.0025034130017287854 0.0069949665855830456 0.027277471582470438 -0.02972994396220387 -0.037355793924882169 -0.039024642483410477 0.01423692522654026 -0.017383086905266659 -0.0045375953328578838 -0.0027514616350289064 0.010640280127584579 0.012448312624743012 0.040711730611325062 0.029148686981647517 0.00090433473864971303 0.023803915066217166 -0.023338262173578851 -0.011418957839839511 -0.0073281335498414021 0.089840659822557511 0.42756352511340928 -0.016642758994190009 0.028008559419250137 0.032011404996171451 0.048717753590454362 -0.025511977527534681 -0.012332579400946314 -0.0072753949923763245 0.010867222757265406 -0.012424787499312515 -0.019613560356299471 -0.017177434515071949 0.093688263615083103 0.02575571051244202
leaf_weight=535.41007627228828 228.38217555991287 8925.084040118385 2461.3669352793404 15349.374165758491 2668.6870401070119 492.03937852215677 508.55479503143579 238.74905416523688 199.10863801233063 2704.016092130485 1798.9915088786984 5024.8779383664987 2164.2451843786985 3551.1634062081575 2609.2824785858538 13271.913794214801 67.172319509088993 49.222597557411063 1173.62759474411 21802.966269895434 56.982655639760196 7120.531972931698 4945.1037174940138 4224.511148840189 33381.414791522184 135.53448705025221 1586.7821480706334 3566.2532026544213 3286.5150595717132 7003.2289260029793 1251.6297863721848 42.352783649228513 168.55076362937689 229.88758766837418 833.83043446945521 3138.335634695366 5138.6070906174355 7790.2855430990458 1069.1597926037794 6387.9976605065167 1460.0533956871368 1065.271305558832 5782.8361580777782 8225.695758394897 3935.5646394270807 1416.3512261764336 154.47940475586802 18.29434662964195 17.868618486449122 5098.9475815994665 945.14353847503662 238.6197147409257 2648.6940511414068 3942.084143511951 157488.6591745913 1923.5548662692308 7343.9171028919518 833.98304569721222 243.39795204997063 248.40228806812229 118.71592591609806 697.97717494883182
leaf_count=71639 10843 353257 479990 178528 12757 4203541 4001 1756 12113 12207239 5315058 41351 26414 17121 20714 462610 248 8923 557956 62127 1383 132949 184979 40491 172803 9306 19832 22719 24626 20963 6519 4061 5371 3058 2959271 70578 2718503 127551 137602 112251 22105 458445 865009 34193 6774865 1851359 16375 1328 1323 113204 3536 1782 11317 54841 982830 22726 31779 10656 271 3968 1266 571463
internal_value=-0.000286162 -0.01049 0.0208535 -0.00891339 0.0224855 -0.0317944 0.0270389 -0.0128284 0.0291742 -0.0222688 -0.01725 0.0183794 0.0196182 0.0277196 0.000129922 -0.00198259 2.54248e-05 0.0213675 -0.000770844 0.0219411 0.0292326 0.0235966 0.00555684 -0.0115975 0.0301436 0.0211536 -0.00164105 0.0201411 0.0226677 0.0143596 0.00934065 -0.0152667 0.0217523 0.0188988 -0.00710294 -0.00756142 -0.00163817 0.00119837 0.0312037 0.00251378 0.0339227 0.0200407 0.00696385 0.0200327 -0.0180247 -0.00533947 0.0315079 0.107049 0.263729 -0.0140217 0.00949691 0.0318055 0.042138 -0.0119213 -0.0116628 -0.0195338 0.00954064 0.00849067 0.00595641 0.0164804 0.0447521 0.00607679
internal_weight=381030 256987 124043 239281 118949 17706.1 56399.7 946.412 437.858 8780.97 5094.19 62549.5 56826.6 55453.2 54765.9 39421.2 33786.9 48420.3 1222.85 47197.5 9341.76 7177.51 15344.7 184515 40498.4 14954.9 5811.29 37855.7 26341.1 11514.6 4538.14 6076.95 14819.3 12006.7 3295.2 8344.12 5205.78 10399.6 37581.3 25442.7 2812.59 1233.82 12170.8 11776.9 5584.91 1649.35 232.995 78.5157 36.163 5634.36 7948.37 36512.1 3130.71 178704 172838 5865.64 8406.28 8177.9 482.018 2917.09 1578.77 5722.86
internal_count=42657643 31459882 11197761 6046534 2443442 25413348 909235 17870 13869 25060091 8754319 1534207 921393 891365 4747286 4414042 4229199 868115 566879 301236 160746 134332 333244 1299248 340500 550865 60323 140490 93272 47218 31145 12852852 541559 54372 3439261 2789329 2718751 148265 323775 1439870 487187 463816 977260 51314 8649311 1874446 23087 6712 2651 184843 24499 186173 13370 1238925 1161358 77567 53278 42435 2053 16725 23371 612814
is_linear=0
shrinkage=0.05


Tree=16
num_leaves=63
num_cat=0
split_feature=0 3 3 5 0 6 0 4 3 2 2 2 2 2 6 4 7 3 3 2 1 3 4 2 2 3 1 4 1 1 0 5 6 6 1 2 5 5 3 2 1 2 2 1 1 1 6 7 1 3 6 2 3 3 4 2 4 6 5 2 2 4
split_gain=29376.8 3285.23 2719.56 2139.39 709.704 627.529 521.85 551.53 503.826 491.013 376.408 313.942 330.895 296.047 243.79 361.104 225.941 349.645 233.518 220.162 216.537 212.462 209.152 206.141 196.839 329.709 234.021 220.886 375.256 192.86 192.103 189.403 172.82 157.852 592.052 160.452 153.104 148.935 148.171 345.728 145.786 143.225 141.88 141.406 138.766 137.476 136.418 132.6 295.676 163.608 129.332 229.148 197.943 342.001 126.145 127.384 123.384 120.485 140.067 119.77 119.032 152.075
threshold=1.5000000000000002 105006.55468750001 88202.804687500015 2.5000000000000004 2.5000000000000004 12.500000000000002 20.500000000000004 1.0000000180025095e-35 1141780.5625000002 506853.04687500006 1747020.4375000002 32.725500106811531 2427.547485351563 136796.29687500003 10.500000000000002 5.5000000000000009 1.0000000180025095e-35 59.939498901367195 12899.940917968752 109.64049911499025 0.16774892061948779 1071.340515136719 1.0000000180025095e-35 63.71049880981446 378.61399841308599 1.0000000180025095e-35 0.16774892061948779 1.0000000180025095e-35 0.51086956262588512 0.00062781208544038247 3.5000000000000004 1151.5000000000002 2.5000000000000004 2.5000000000000004 0.12613636255264285 172.84450531005862 78.500000000000014 119.50000000000001 59.939498901367195 2167449.1250000005 0.99090909957885753 3145.429077148438 338277.68750000006 0.071858864277601256 0.050316456705331809 0.10063291341066362 2.5000000000000004 1.0000000180025095e-35 0.99090909957885753 59.939498901367195 18.500000000000004 230199.56250000003 145122.64843750003 155940.84375000003 1.5000000000000002 682361.06250000012 7.5000000000000009 31.500000000000004 68.500000000000014 1835268.6250000002 172811.97656250003 2.5000000000000004
decision_type=2 2 2 2 2 2 2 2 2 2 2 2 2 2 2 2 2 2 2 2 2 2 2 2 2 2 2 2 2 2 2 2 2 2 2 2 2 2 2 2 2 2 2 2 2 2 2 2 2 2 2 2 2 2 2 2 2 2 2 2 2 2
left_child=1 3 4 19 11 -3 13 -8 30 -9 29 -2 24 23 15 38 17 45 33 47 -18 -21 59 -6 25 26 44 40 46 -7 31 -4 -22 34 -19 43 -25 57 -15 54 -28 -37 50 -35 -13 -5 -29 49 -49 -1 51 52 -31 -54 55 -40 -32 58 60 -14 -16 -62
right_child=2 5 8 16 6 10 7 9 -10 -11 -12 12 22 14 37 -17 20 18 -20 21 32 -23 -24 36 -26 -27 27 28 -30 42 56 -33 -34 35 -36 41 -38 -39 39 -41 -42 -43 -44 -45 -46 -47 -48 48 -50 -51 -52 -53 53 -55 -56 -57 -58 -59 -60 -61 61 -63
leaf_value=-0.024871234534382516 0.0049387593478280858 -0.040775167204576836 -0.012600799480765043 0.0069957295037637564 0.0019257627073658455 0.014968700192127324 -0.048872180619557663 0.07947615159419219 -0.033273579317196211 -0.027043751789996618 -0.037514409136039283 0.16796373219565966 0.0095902153030069884 0.015993886208175042 0.098336807431027462 -0.041921355724175442 0.013780614071122861 0.10453033994132251 -0.0097083348903794497 0.0042359503152293448 0.012178630076798832 -0.017342735836079374 0.020893719329116218 0.028449958535321281 0.025067762735265516 0.0049930856856289299 0.034498813979084372 0.055632213838571032 -0.0061509218857621929 -0.029121127466739605 0.019919051283837089 0.031253978313632393 -0.0026211665543413335 0.016261123817360029 0.0072472549635221777 0.0047781788414802927 -0.0017953353318225604 0.00314867560118546 0.052747353216572979 0.11396073985996952 0.020541317930274382 -0.0062486656168780474 -0.022702249505518444 -0.0090434090776224697 0.054238535053898043 -0.016526303876538466 0.019151927663265057 -0.0045731853427118906 -0.011863060734040129 -0.0069628096885360037 -0.010974505461780455 -0.036890546685927304 0.23353681827419648 0.042905101815488678 0.0065027901772561642 -0.00029102788863489529 -0.041795019547495843 0.085120333762970402 -0.042957271348086565 -0.02189370765484602 0.013212728737002091 0.058927980143984537
leaf_weight=3844.0109874531045 4656.9655471836668 8568.4800980146938 3014.3289315862676 711.94180863628571 762.76132408499689 499.85378314870832 484.4099262398704 226.05254378553946 1988.7986307990723 205.91666729521603 2604.1840569111591 29.960275984674809 11233.711412034747 9910.3588623255455 91.446331738494337 255.9781320206821 5016.4695098172815 167.21948863565558 5214.6953761844416 4243.1241293102503 2642.6415070742369 1558.990838624537 5111.6248046640903 42430.996872690506 16458.200824351807 4065.7100623035512 2134.9548795260489 327.08775196969509 1938.8493805751204 41.12861465383321 1021.732460447296 267.14249994936472 7769.2684858292341 613.64174751090468 2228.3561818823218 16553.224555479057 422.468956941324 228.92390948332104 482.53041956014931 121.87767647951841 15240.012197136879 3581.0856597163765 3845.8719435386956 5430.2970860265195 221.81721745943651 4845.230278801173 1181.2919760029763 15277.121983803809 155585.2670417726 1909.8176544308662 1400.4800678658357 85.60525231435895 32.244900790974498 82.641421441920102 489.90991578251123 147.80045180022717 87.024797949678032 178.09781028912403 47.417204518336803 309.50074461428449 337.40864656539634 395.62339388066903
leaf_count=54841 26860 353257 1533649 79740 4142 4203541 3980 990 5745989 11301 12207239 5496 272920 42270 1978 5139 184979 512 2079127 40491 20714 19832 491133 183061 153596 57457 12227 1973 13720 4061 526270 1604041 127551 87017 20804 1076988 179551 196856 3352 984 37217 835384 6774865 129367 4728 105103 12333 178528 982830 22726 1851359 9108 1755 8163 4968 1157 28462 9747 1975 1998 8057 8184
internal_value=-0.000281145 -0.0100745 0.0194088 -0.00854595 0.0210981 -0.0312 0.0251281 -0.0122889 -0.0124028 0.0287537 -0.0216475 0.0174323 0.018431 0.0257373 0.0190118 0.0166884 0.000119909 -0.001891 2.06617e-05 -0.011148 0.00524795 -0.00156409 0.0124741 0.0276932 0.0208157 0.018031 0.020546 0.0199644 0.00839955 -0.0147417 -0.00294272 -0.00902218 0.00113597 0.00179647 0.0140787 0.000672025 0.0281518 0.0397083 0.0180373 0.0343146 0.0222582 0.00281673 -0.01745 -0.00647197 0.0683822 -0.0135121 0.0270942 -0.0114628 -0.0112113 -0.0189293 -0.00514256 0.0285665 0.0644889 0.0979628 0.0255556 0.0403301 0.0150419 0.0476686 0.0399298 0.00874423 0.044743 0.0379323
internal_weight=380862 254353 126509 237192 120130 17160.5 57220 916.379 6379.03 431.969 8592.01 62909.7 58252.7 56303.6 12687.4 11408.5 54774.1 39345.7 33788.5 182418 15428.4 5802.11 16654.8 43616.2 41597.9 25139.7 21074 20822.2 3447.23 5987.83 4390.23 3281.47 10411.9 28573.8 2395.58 26178.2 42853.5 1278.92 11152.5 1242.12 17375 20134.3 5487.97 6043.94 251.777 5557.17 1508.38 176616 170862 5753.83 1642.1 241.62 156.015 114.886 1120.24 630.331 1108.76 1049.99 871.896 11543.2 824.478 733.032
internal_count=42657643 31459882 11197761 6046534 1759350 25413348 667692 16271 9438411 12291 25060091 1091658 1064798 651421 284667 57870 4747286 4414042 4229199 1299248 333244 60323 766051 366754 298747 145151 87694 77470 28026 12852852 3692422 3137690 148265 2150072 21316 2128756 362612 226797 52731 10461 49444 1912372 8649311 216384 10224 184843 14306 1238925 1161358 77567 1874446 23087 13979 9918 9477 4509 554732 29941 20194 274918 18219 16241
is_linear=0
shrinkage=0.05


Tree=17
num_leaves=63
num_cat=0
split_feature=0 3 3 5 0 6 0 4 4 2 3 2 2 2 6 5 3 5 6 2 2 3 4 3 2 2 6 6 4 3 3 2 2 5 1 3 1 2 1 4 4 3 6 2 3 1 6 5 0 6 4 1 7 1 2 1 6 2 6 3 5 2
split_gain=26277.5 3121.48 2414.82 1968.67 643.142 623.058 463.874 503.844 450.861 406.028 352.159 294.438 315.427 250.995 250.734 224.946 211.306 210.699 1042.36 256.458 208.185 203.583 196.916 190.152 185.022 179.638 183.725 178.488 163.153 162.051 262.735 304.246 213.642 161.648 157.473 261.209 295.579 241.697 200.17 151.61 145.103 149.838 142.882 140.003 182.995 136.656 136.565 134.209 132.923 137.307 148.385 155.841 132.153 274.443 150.573 132.146 142.457 130.423 126.643 119.955 118.529 115.926
threshold=1.5000000000000002 105006.55468750001 239076.51562500003 2.5000000000000004 2.5000000000000004 10.500000000000002 20.500000000000004 1.0000000180025095e-35 3.5000000000000004 1023528.5625000001 1317330.3750000002 96906.863281250015 109.64049911499025 89196.699218750015 26.500000000000004 1635.5000000000002 46060.814453125007 17.500000000000004 2.5000000000000004 172.84450531005862 6133155.7500000009 104.67199707031251 1.0000000180025095e-35 1071.340515136719 261.00900268554693 5791105.2500000009 3.5000000000000004 266.50000000000006 1.5000000000000002 3962.2924804687505 387.91250610351568 1.0000000180025095e-35 32.725500106811531 98.500000000000014 0.34057971835136419 1.0000000180025095e-35 0.036442687734961517 1031.2100219726565 0.99090909957885753 1.5000000000000002 1.0000000180025095e-35 1.0000000180025095e-35 58.500000000000007 378.61399841308599 1.0000000180025095e-35 0.16774892061948779 2.5000000000000004 9.5000000000000018 3.5000000000000004 15.500000000000002 2.5000000000000004 0.20198300480842593 1.0000000180025095e-35 0.99090909957885753 32.725500106811531 0.34057971835136419 12.500000000000002 66835.367187500015 8.5000000000000018 1.0000000180025095e-35 1483.5000000000002 4031.795043945313
decision_type=2 2 2 2 2 2 2 2 2 2 2 2 2 2 2 2 2 2 2 2 2 2 2 2 2 2 2 2 2 2 2 2 2 2 2 2 2 2 2 2 2 2 2 2 2 2 2 2 2 2 2 2 2 2 2 2 2 2 2 2 2 2
left_child=1 3 4 21 11 -3 13 -8 -9 60 27 12 22 24 34 -11 17 29 -19 -20 25 52 55 -23 39 26 28 -4 40 30 31 -5 -33 48 35 -14 -37 43 -39 -6 -15 -42 -21 44 -36 -24 -34 -30 61 50 -50 -52 54 -54 -1 56 -2 -40 -32 -16 -7 -26
right_child=2 5 10 16 6 9 7 8 -10 15 -12 -13 14 20 59 -17 -18 18 19 42 -22 23 45 -25 33 -27 -28 -29 47 -31 58 32 46 -35 37 36 -38 38 57 -41 41 -43 -44 -45 -46 -47 -48 -49 49 -51 51 -53 53 -55 -56 -57 -58 -59 -60 -61 -62 -63
leaf_value=-0.029217363887882625 0.02850868285454887 -0.040855673734340958 -0.013547692531698522 0.0035312792037475909 0.0202382038658518 -0.013743935570971364 -0.04876630057205044 0.068570053424547348 -0.032141877138781201 -0.038024445745848179 -0.034783665662036597 0.0052665262539767031 0.041145005607127735 0.013981185951159348 0.070780844804170864 -0.0045486713888904049 -0.012781849726795714 0.16858252346191172 0.023514353340217928 0.0062126897390524178 -0.043839244650930899 0.0036755532915612888 0.056459778646790561 -0.016767590100116646 0.026926486060791073 0.11349960209376803 0.026870318417962814 0.013107150052210002 0.016916103293107273 -0.012046155712270098 0.0104235319525858 -0.018440769578504334 0.0097730519532384028 -0.010202927104299096 0.020442411473883315 0.12561205346968393 0.020090326391491203 0.022067873441737926 0.0057186765197369017 -0.0054692566542525831 0.036784145170523815 -0.0051189670553459 -0.011729179659218972 0.026410652061022496 0.0032796768740590877 -0.0066379647393394669 -0.0054942663677728333 -0.025926198954669633 0.031316932931849992 0.054541697014369284 -0.016558306383473609 0.022700690658813229 -0.004364668436425306 -0.011406026480699334 -0.012172362376852227 0.011982690816217495 0.11191683922235596 0.025156517293334416 -0.0041247806770310178 -0.0063408072891140907 0.017277665249513158 0.018223512356009164
leaf_weight=2089.1902579516172 423.08344147541357 7834.9395656343404 2409.2271908504845 14488.682637244463 4874.927891805477 4443.2871524032307 462.13949945638524 258.10467481910018 193.77578279489899 3444.8127304357331 1680.0235549305071 5804.5719452367266 2084.7025246657431 8345.9506170563436 51.666385446267668 587.71514500549165 3002.6647993826336 99.537531554702582 1693.0076445746381 4052.9311698433012 132.5660631956307 4403.250834196806 88.814566203087452 1532.5621862336993 12333.664568185806 49.031601074253558 4646.1462408307925 848.49838687509327 318.60683408379555 2816.0444351118058 7728.1882335264236 2986.1085671689361 1651.7098315879703 288.81000534236955 11783.112659826875 66.020558864809573 7211.3940862445161 3716.8797393813729 7158.6996511816978 649.54678871447686 1376.6726886034012 252.15949879214168 1526.8437200460139 8358.7916761338711 1789.3841850981116 1925.8239716552198 12880.778291696683 426.22989488020539 15814.583836406469 564.0875988509506 282.53377485089004 2348.4895702581853 15208.4612884745 153775.73668956757 3415.8423203229904 12042.574463553727 57.49862282101094 980.46746444702148 1854.2770637385547 1182.2491137357356 330.00179155777369 5562.4425695450045
leaf_count=30547 5668 309798 479990 242779 17323 5942129 4001 1756 12113 8224984 5315058 612814 23223 25530 7578 8451269 1398670 143 223585 456002 9306 42110 4929 19832 47589 2002 501862 2959271 1662 81551 155635 71626 16888 154844 34463 1373 129168 22719 20963 8902 6019 1433 1681128 24778 12906 22712 323961 3051 35661 16709 4087 14754 178528 982830 45401 43546 7366 3536 95318 556465 2485168 40631
internal_value=-0.000275279 -0.0096712 0.0180905 -0.0081905 0.019457 -0.0305983 0.0232245 -0.0121082 0.0254071 -0.0214681 -0.0161965 0.016012 0.0170704 0.023779 0.0191643 -0.0331479 0.000111211 0.000859125 0.00868643 0.00647517 0.0183366 -0.0107111 0.0106771 -0.00160458 0.0257592 0.0188741 0.0185648 -0.00660335 0.0149628 -0.000440543 0.000345545 -0.00182894 -0.00626204 0.0270278 0.0197998 0.02554 0.0210647 0.0182085 0.012455 0.0172152 0.0166484 0.030298 0.00130187 0.0213181 0.0181801 -0.00382969 -0.00375849 -0.00760213 0.0273194 0.0302333 0.029487 0.0184802 -0.0110208 -0.0107723 -0.0186452 0.013011 0.0386996 0.00806302 0.00760819 -0.00305688 -0.0115961 0.0242226
internal_weight=380691 251847 128844 235206 123906 16640.8 59180.5 914.02 451.88 8805.82 4937.75 64725.7 58921.2 58266.5 44383.4 4032.53 54780.8 51778.1 7372.32 7272.78 15547.4 180425 14537.8 5935.81 42719.1 15414.8 15365.8 3257.73 10719.6 44405.8 41589.7 32007.3 17518.6 37194.6 43149.5 9362.12 7277.41 33787.3 11856 5524.47 9974.78 1628.83 5579.77 21931.3 13572.5 2014.64 14532.5 744.837 36905.8 19009.7 18445.6 2631.02 174489 168984 5505.03 12523.2 480.582 8139.17 9582.47 1233.92 4773.29 17896.1
internal_count=42657643 31459882 11197761 6046534 2443442 25413348 909235 17870 13869 25103550 8754319 1534207 921393 891365 837172 16676253 4747286 3348616 2360858 2360715 550865 1299248 84221 61942 340500 541559 539557 3439261 37695 987758 906207 655254 412475 314275 273129 153764 130541 119365 47218 26225 32982 7452 2137130 72147 47369 27641 340849 4713 159431 71211 54502 18841 1237306 1161358 75948 56580 13034 24499 250953 564043 8427297 88220
is_linear=0
shrinkage=0.05


Tree=18
num_leaves=63
num_cat=0
split_feature=0 3 3 1 6 0 0 4 2 2 2 3 3 3 2 2 5 6 2 2 1 6 1 3 6 2 2 6 3 2 2 3 0 1 2 6 4 1 3 6 2 4 2 6 1 2 3 2 3 3 2 2 6 6 6 2 2 1 4 2 6 2
split_gain=23527.3 2965.6 2140.24 1763 593.561 550.71 415.946 460.099 416.586 280.276 292.064 278.806 267.601 259.537 258.348 229.726 188.072 799.363 224.303 187.662 179.892 168.994 168.776 312.895 194.673 168.723 162.485 157.197 148.063 239.138 232.535 242.659 147.724 146.497 143.864 146.526 453.208 170.057 133.982 129.536 127.147 189.79 323.511 126.563 126.562 121.327 178.176 239.729 213.878 120.802 119.042 112.286 107.504 376.642 105.193 154.451 141.398 124.281 120.755 115.886 103.005 102.656
threshold=1.5000000000000002 155940.84375000003 339590.71875000006 0.49545454978942877 175.50000000000003 2.5000000000000004 20.500000000000004 1.0000000180025095e-35 506853.04687500006 96906.863281250015 32.725500106811531 1317330.3750000002 999942.56250000012 46060.814453125007 2938949.3750000005 89196.699218750015 17.500000000000004 2.5000000000000004 172.84450531005862 6133155.7500000009 0.99090909957885753 65.500000000000014 0.34057971835136419 1.0000000180025095e-35 3.5000000000000004 109.64049911499025 261.00900268554693 6.5000000000000009 3962.2924804687505 538.12799072265636 1.0000000180025095e-35 59.939498901367195 3.5000000000000004 0.25320513546466833 4675887.2500000009 10.500000000000002 4.5000000000000009 0.083683475852012648 4899.1608886718759 58.500000000000007 2427.547485351563 1.0000000180025095e-35 378.61399841308599 8.5000000000000018 0.00045501081331167376 8040.6879882812509 168.74549865722659 1.0000000180025095e-35 59.939498901367195 145122.64843750003 153651.24218750003 1407447.8750000002 22.500000000000004 12.500000000000002 3.5000000000000004 1116373.5000000002 1710388.1250000002 0.20198300480842593 1.5000000000000002 2860036.1250000005 3.5000000000000004 592464.93750000012
decision_type=2 2 2 2 2 2 2 2 2 2 2 2 2 2 2 2 2 2 2 2 2 2 2 2 2 2 2 2 2 2 2 2 2 2 2 2 2 2 2 2 2 2 2 2 2 2 2 2 2 2 2 2 2 2 2 2 2 2 2 2 2 2
left_child=1 3 5 13 12 9 15 -8 -9 10 -2 27 43 16 44 25 28 -18 -19 32 45 22 23 -12 33 -7 -23 -4 29 30 -1 -32 -17 -25 35 36 54 -37 -27 -20 41 -24 -43 -3 -6 46 47 -5 -49 -15 -39 -29 53 -51 55 58 -57 -56 61 -58 -33 -34
right_child=2 4 11 20 14 6 7 8 -10 -11 21 -13 -14 49 -16 19 17 18 39 -21 -22 26 40 24 -26 38 -28 51 -30 -31 31 60 34 -35 -36 37 -38 50 -40 -41 -42 42 -44 -45 -46 -47 -48 48 -50 52 -52 -53 -54 -55 57 56 59 -59 -60 -61 -62 -63
leaf_value=0.0033428412831811079 0.00402422566163964 -0.035595612804457104 -0.027725477710851529 -0.0041647839146635645 0.018216068844731464 0.0083084497565003926 -0.048657928008662733 0.067462252224194566 -0.027012598851443571 0.0047543983046659487 0.037981837154970659 -0.034234040984055351 -0.044122466199987505 -0.015302183257000494 -0.040268153570950732 0.009884370211379773 0.13846235323344008 0.021823707964299027 0.0058653226184006068 -0.043121957567597721 -0.010961545390541543 0.12319014835648881 0.018737677696782477 0.066616019118778763 0.015246477685421707 0.024970840942740199 -0.012121648677135541 -0.0054371964454549022 -0.01158395827275141 0.0084248253891497232 -0.014336111570905849 0.0034341297041942027 0.018956863691199491 0.025428216416437794 0.066777388061968646 0.010400421814842313 -0.03320562605832799 0.0060989438301388213 0.0074800896590590665 -0.011275681381017652 0.010081777410863232 0.00049491612887536923 0.025607085393806447 -0.020438958317067168 -0.011923248802176836 -0.027398744051407888 0.0039972646506909312 -0.023661494315888487 -0.006004515982960661 -0.012450752011743289 0.055056799760926582 0.028692712122978182 -0.02231056123661386 0.16293269369965133 -0.01316531718851017 -0.019045832971751525 0.031273601760111763 0.034790406322179716 -0.0041352759894641381 -0.012385964421123205 -0.0051653167245963773 0.035329217640274996
leaf_weight=14538.885845055767 4733.9877436272072 3025.2086070226578 725.847171399746 15143.21350492537 393.19126939498165 1673.6543170285659 440.94116258318536 244.14321632310748 221.88013977471564 6174.6599896800471 2601.2291153646074 1623.1161822487556 5685.6611311075976 3409.3110125695821 783.48805903960238 4660.9695825844756 114.89005303382874 1731.9853444398032 4077.7168690406252 128.30930147162871 152055.48413649201 21.95204457899672 30116.664233654737 321.49364769458771 7242.5362921773922 40940.975393487162 666.78232913046668 1641.2141885513593 2782.887288544327 7476.6960449172184 5137.0998738473281 5848.8032865710557 4660.4602482207119 660.35748960077763 164.44573999349814 471.41051173930464 419.19859394989908 147.88125695032068 1126.0398760520911 1509.3358386080145 7752.8147610686719 3858.231299072504 1920.1271862387657 2538.9299099655473 2997.8980408193165 675.84109780564904 3831.9827787354589 3671.4037204012275 3219.426278449595 83.936492498964071 782.00315499142744 281.43278486846248 78.649375694629271 47.069939746055752 146.78266512602568 512.65118528157473 429.78319021314383 1631.5775970313698 464.87345700338483 234.16399753838778 8603.0960761439055 1206.8425338119268
leaf_count=242779 26860 111595 16209 178528 4536281 9325 4019 1211 13598 884780 31809 5315058 1001908 1630040 7116300 329338 143 223585 456002 10495 982830 9530 84722 1872 188417 193573 498968 2334088 81551 197741 127101 79502 12800 4281 10650 270481 7468 3346 137602 1681128 34590 31049 9295 930139 11367599 10750 37677 54841 35959 3985 18520 674863 110250 2584 2444 2197 1869 14848 2386 1039 259084 4161
internal_value=-0.000268987 -0.00928032 0.0168844 -0.0078807 -0.0305152 0.0180573 0.0214954 -0.0121003 0.0225199 0.014898 0.0159436 -0.0179229 -0.0364901 -9.17722e-05 -0.014409 0.0220051 0.000812383 0.00817217 0.00610831 0.0168887 -0.0102985 0.0169664 0.0172776 0.0228674 0.0180829 0.0238834 -0.0076365 -0.00791754 -0.000420377 0.000326604 -0.00144774 -0.00500328 0.0173746 0.0389687 0.0204707 0.0197791 0.0175937 0.0348935 0.0245028 0.00123351 0.0158907 0.0171451 0.00884258 -0.0286845 -0.0084243 -0.00649995 -0.00595285 -0.0076834 -0.0154141 -0.0130354 0.0472859 -0.000429018 0.0237241 0.0513205 0.01989 0.017296 0.000659388 0.0308271 0.0203867 0.0158801 -0.00168505 0.0223299
internal_weight=380514 249462 131051 234038 15424.4 126780 60709 906.965 466.023 66070.8 59896.2 4271.61 11249.8 55440.4 4174.58 59802 51821.4 7433.93 7319.04 16061.4 178597 55162.2 54473.5 10825.6 8224.39 43740.7 688.734 2648.49 44387.5 41604.6 34127.9 19589 15933 981.851 11272.1 11107.6 9706.33 1401.29 42067 5587.05 43647.8 35895 5778.36 5564.14 3391.09 26541.9 25866 22034 6890.83 3618.97 929.884 1922.65 209.656 131.006 9287.13 7508.77 1176.6 1778.36 6332.18 663.947 14451.9 5867.3
internal_count=42657643 31459882 11197761 6396060 25063822 2857543 1051370 18828 14809 1806173 921393 8340218 2043642 5095475 23020180 1032542 3348616 2360858 2360715 692042 1300585 894533 386035 226379 194570 340500 508498 3025160 987758 906207 708466 465687 681547 6153 352209 341559 49212 292347 331175 2137130 159656 125066 40344 1041734 15903880 317755 307005 269328 90800 1746859 21866 3008951 116819 6569 41744 24452 5105 17292 19347 2908 338586 16961
is_linear=0
shrinkage=0.05


Tree=19
num_leaves=63
num_cat=0
split_feature=0 3 3 1 6 0 2 0 4 4 3 2 1 2 2 3 2 1 3 1 6 1 2 6 3 1 6 2 2 2 0 2 0 4 6 6 2 2 3 1 0 4 6 3 5 2 3 2 1 2 1 4 6 2 2 6 2 2 1 1 1 7
split_gain=21082.2 2811.64 1918.78 1665.26 614.043 503.53 383.02 372.208 425.78 393.59 363.467 227.459 216.4 207.841 194.668 175.963 240.712 235.661 172.478 179.775 189.173 851.943 171.337 169.797 173.849 156.431 162.652 150.639 142.847 142.373 135.005 134.512 213.284 130.064 171.876 127.983 122.404 122.179 189.151 117.052 370.195 302.991 195.295 114.638 200.37 193.363 181.028 169.855 155.734 171.616 166.62 138.108 117.228 159.505 113.62 110.092 110.063 129.546 109.981 108.183 106.565 103.584
threshold=1.5000000000000002 105006.55468750001 603132.68750000012 0.49545454978942877 10.500000000000002 2.5000000000000004 1023528.5625000001 20.500000000000004 1.0000000180025095e-35 2.5000000000000004 79412.898437500015 32.725500106811531 0.00061359105166047822 89196.699218750015 5037.0371093750009 59.939498901367195 1.0000000180025095e-35 0.99090909957885753 46060.814453125007 0.20198300480842593 4.5000000000000009 0.036442687734961517 6133155.7500000009 6.5000000000000009 2350150.2500000005 0.25320513546466833 3.5000000000000004 63.71049880981446 6293731.5000000009 2427.547485351563 3.5000000000000004 4675887.2500000009 16.500000000000004 7.5000000000000009 10.500000000000002 4.5000000000000009 1149222.7500000002 109.64049911499025 1.0000000180025095e-35 0.083683475852012648 10.500000000000002 5.5000000000000009 26.500000000000004 1.0000000180025095e-35 7.5000000000000009 11857.575195312502 28.184000015258793 83239.011718750015 0.12613636255264285 79913.378906250015 0.34057971835136419 1.5000000000000002 12.500000000000002 1399.3349609375002 538.12799072265636 422.50000000000006 948933.75000000012 804138.18750000012 0.001742539869155735 0.16774892061948779 0.34057971835136419 1.0000000180025095e-35
decision_type=2 2 2 2 2 2 2 2 2 2 2 2 2 2 2 2 2 2 2 2 2 2 2 2 2 2 2 2 2 2 2 2 2 2 2 2 2 2 2 2 2 2 2 2 2 2 2 2 2 2 2 2 2 2 2 2 2 2 2 2 2 2
left_child=1 3 5 18 -3 10 -6 13 -9 -10 11 -2 -8 27 37 16 17 -5 19 20 21 -1 30 -4 -25 26 -16 -7 -28 -17 55 33 -33 35 -35 56 -27 38 -13 40 -37 -42 -41 44 45 51 54 -47 -48 52 -51 -29 59 -54 -45 -15 57 -32 -12 -50 -36 -22
right_child=2 4 23 15 6 7 12 8 9 -11 58 14 -14 22 25 29 -18 -19 -20 -21 61 -23 -24 24 -26 36 28 43 -30 -31 31 32 -34 34 60 39 -38 -39 -40 42 41 -43 -44 46 -46 47 48 -49 49 50 -52 -53 53 -55 -56 -57 -58 -59 -60 -61 -62 -63
leaf_value=0.19032559528640999 0.0038076876941195294 -0.040071169583772222 -0.041205657429395956 -0.0039732540263149596 -0.010613663468548773 0.00046271632240420241 -0.0039701316737747799 -0.048550806181701205 0.062934499539108041 -0.028051031580887328 0.040706611713708082 0.014044421565370968 -0.037118962635905854 0.0080325547054855197 0.061548920065808692 0.00015648891012590651 -0.023024525472759794 -0.010529671756627461 -0.011717310122001199 -0.0027043144963243733 -0.00046394377583097848 0.0089975178249577358 -0.042028300241121752 -0.0063254552965756085 -0.037772071588216945 0.0084572996652949595 0.01592464858318296 0.025329817357019065 0.21174846683004211 -0.020310264337754833 0.01715803854578386 0.046124518903743618 0.25361122783750167 -0.050249557074687971 0.012572562233310172 0.0039904750743612388 -0.01272523620420866 0.018034355081827928 -0.0092707539157465754 0.029565436410546264 0.0378686403392927 0.76091621786199537 0.095680585961687159 -0.016741375866358484 0.032336647621189124 0.011386019386151349 0.003155139914084823 0.040239134815495549 -0.0088542748169693503 0.014557119803917077 0.09820605137037558 0.0078062213883513896 -0.012005111420058796 0.062932238881144062 0.012250343739186974 0.060399960109272101 0.0038587180649208167 0.050118916265697956 -0.010292661546625091 0.021565220232695137 0.163978663307702 0.0077924891019401678
leaf_weight=64.440343275669875 4752.6101770558744 7241.3569778306519 932.18256488442057 15081.21205214411 4655.8020636563924 784.22613724409166 581.94440935953753 421.6325204665809 253.043270088383 222.54842528099471 111.08010961016407 9160.7779555240122 3205.5085128007486 4803.6591057719161 213.64284008741379 6667.0034243389964 3586.5404381453991 150420.15972599387 2920.650753012349 21682.187805488706 18940.075529493693 6423.917978066951 126.80699549749625 1493.2882986967415 622.13058639159863 9839.4240900799632 3089.484517920464 20598.402019143105 8.3480768131557834 972.81892225146294 6426.6004746966064 166.50789934956993 12.477891649308729 155.27051290869713 112.46159630887269 588.63708968827268 731.90199034661055 36939.649369589926 960.47940187762288 2339.2073882808909 3.0701954201795152 1.9459044781688133 116.56244658515789 533.55710550164804 5925.1330735700903 5322.0567391067743 1114.3890052882998 563.42654160410166 304.92270539142191 100.95316557073966 145.50257605686784 1190.4555525295436 89.50649749673903 337.35078539699316 917.84961730358191 101.53604669736524 1536.4461143836379 311.9554890692234 1866.4725763764873 6782.2489657141268 11.991098171100019 4750.8549806025112
leaf_count=146 26860 309798 27452 178528 8427297 4142 8474212 4075 1532 14814 626798 42683 8202041 179363 1089 68712 54841 982830 1398670 319766 2740803 101479 17569 3851469 3403836 49859 549976 30656 1964 14337 21379 16309 892 4019 27715 388108 4953 317500 14678 34353 2605 1227 5059 5074 32512 10911 186328 1153 4202 1674 820 6172 1727 6956 6271 353098 7318 1343 857144 41902 222 186422
internal_value=-0.000262402 -0.00890181 0.0157774 -0.00751375 -0.0293882 0.0166962 -0.0202223 0.0199352 -0.0120258 0.0203892 0.0137082 0.014344 -0.032028 0.0204015 0.0151656 -0.00987472 -0.0102101 -0.00993225 0.000102813 0.000768693 0.00326387 0.0108275 0.0156607 -0.0234342 -0.0155872 0.00996142 0.0194433 0.0221841 0.0165205 -0.00245197 0.0161016 0.0190033 0.061918 0.0183361 -0.0153025 0.0191683 0.00698967 0.0167005 0.0118312 0.0279261 0.00798558 0.398218 0.0327412 0.0225719 0.0239887 0.0222003 0.01796 0.0141545 0.0206369 0.0231466 0.0641391 0.0243728 0.0217937 0.0472275 0.0015884 0.00912863 0.015938 0.0186911 -0.00740888 0.0202554 0.0283515 0.00119202
internal_weight=380338 247194 133144 231510 15684.6 130096 8443.25 62422.3 897.224 475.592 67673.9 65696.3 3787.45 61525.1 60943.7 176728 169088 165501 54782.1 51861.5 30179.3 6488.36 16815.1 3047.6 2115.42 13882.8 3311.48 44710 3097.83 7639.82 16688.3 11783.1 178.986 11604.1 279.723 11324.4 10571.3 47060.9 10121.3 3049.42 593.653 5.0161 2455.77 43925.8 33599.5 27674.3 10326.3 5885.48 8874.87 7760.48 246.456 21788.9 7514.03 426.857 1451.41 4905.2 8275 6738.56 1977.55 7087.17 124.453 23690.9
internal_count=42657643 31459882 11197761 6046534 25413348 3915004 25103550 1421500 20421 16346 2493504 1009562 16676253 1401079 982702 1299248 1216199 1161358 4747286 3348616 3028850 101625 1060579 7282757 7255305 607841 553029 340500 551940 83049 1043010 510549 17201 493348 31956 461392 54812 374861 57361 431352 391940 3832 39412 336358 81404 48892 254954 12064 243609 57281 2494 36828 54787 8683 11345 532461 30040 22722 1483942 46104 27937 2927225
is_linear=0
shrinkage=0.05


Tree=20
num_leaves=63
num_cat=0
split_feature=0 2 3 1 6 3 5 2 2 0 4 2 2 3 6 2 2 4 3 6 3 3 3 3 2 4 6 3 2 2 1 5 6 2 1 1 3 3 2 2 0 2 6 6 0 2 4 1 0 5 6 3 1 4 6 3 2 3 2 2 6 6
split_gain=18904.6 2664.85 1719.22 1481.2 588.015 434.234 545.292 319.764 361.265 298.407 449.741 321.941 306.524 313.043 338.871 293.351 384.674 421.943 274.967 264.65 255.34 250.545 226.63 222.463 177.377 299.651 166.238 166.804 165.57 333.715 201.201 163.378 536.284 191.667 153.18 141.036 135.49 216.63 246.665 187.456 133.026 132.894 127.767 125.817 125.21 153.535 145.718 142.312 138.601 722.032 328.787 161.356 149.598 121.97 121.932 121.751 115.486 156.874 210.714 187.35 111.944 111.473
threshold=1.5000000000000002 161794.78906250003 603132.68750000012 0.49545454978942877 190.50000000000003 4899.1608886718759 3.5000000000000004 19597.933593750004 63.71049880981446 20.500000000000004 1.0000000180025095e-35 434170.00000000006 538.12799072265636 1.0000000180025095e-35 12.500000000000002 178402.61718750003 172811.97656250003 1.0000000180025095e-35 999942.56250000012 44.500000000000007 168.74549865722659 2998203.1250000005 46060.814453125007 28.184000015258793 1031.2100219726565 1.0000000180025095e-35 6.5000000000000009 2350150.2500000005 2239156.3750000005 2275810.5000000005 0.1440781503915787 17.500000000000004 2.5000000000000004 261.00900268554693 0.99090909957885753 0.51086956262588512 3962.2924804687505 387.91250610351568 1.0000000180025095e-35 32.725500106811531 2.5000000000000004 6293731.5000000009 8.5000000000000018 26.500000000000004 3.5000000000000004 603873.78125000012 7.5000000000000009 0.00089453440159559261 7.5000000000000009 11.500000000000002 31.500000000000004 350120.31250000006 0.031331805512309081 1.5000000000000002 2.5000000000000004 88202.804687500015 8040.6879882812509 168.74549865722659 1.0000000180025095e-35 32.725500106811531 44.500000000000007 8.5000000000000018
decision_type=2 2 2 2 2 2 2 2 2 2 2 2 2 2 2 2 2 2 2 2 2 2 2 2 2 2 2 2 2 2 2 2 2 2 2 2 2 2 2 2 2 2 2 2 2 2 2 2 2 2 2 2 2 2 2 2 2 2 2 2 2 2
left_child=1 3 5 22 18 6 7 8 -2 12 -11 -12 13 14 35 16 19 -18 -3 -14 43 -6 31 -15 25 40 -4 -28 -22 -30 41 36 -33 -34 56 -8 37 38 -1 -40 -10 -31 -24 -17 45 47 48 -7 -46 -50 -51 -52 -53 -37 -41 -49 57 58 -5 -60 -35 -39
right_child=2 4 26 34 21 44 9 -9 24 10 11 -13 15 23 -16 20 17 -19 -20 -21 28 -23 42 -25 -26 -27 27 -29 29 30 -32 32 33 60 -36 53 -38 61 39 54 -42 -43 -44 -45 46 -47 -48 55 49 50 51 52 -54 -55 -56 -57 -58 -59 59 -61 -62 -63
leaf_value=0.0030806595833679212 0.0049973361932285727 -0.027416400910775497 -0.040818286435924368 -0.0037897928880391003 -0.0068477611710116839 0.10949505999307037 0.024341796916056018 0.004975016392875016 0.017966348981820958 -0.048417388179899622 0.064165197056718498 -0.023524067309926316 0.024116016800079996 -0.010621255645193027 0.086141553614284549 0.010996700611157947 0.14537959516619611 0.016347712767789995 -0.043615685097057016 -0.012524767297653698 0.028123680436217182 -0.039789354934652292 -0.022833068480826019 0.010789422431316193 0.0110206708814363 0.00047266861732993899 -0.0060478864163049069 -0.037289631379782841 0.35276337085243659 -0.032589747606591772 0.10395811273142586 0.1047207615298531 0.018854905546379429 0.0059646487937768458 -0.010110403952862458 0.015000542507010521 -0.011165040648629155 0.0094275921873462828 -0.017362819167018744 0.0093133684767717564 0.026202215818442551 0.20735857491180842 -0.0039756749259729739 0.060567843312049952 0.01274308194792567 0.027502869489450632 -0.030839031609227435 0.0032326371917885122 0.41431565996172487 0.0067953517802509375 0.094547526709296531 0.075705139237488173 0.45136500187138628 -0.010515141389074324 -0.0050720719055417241 -0.012519506110534546 -0.026674086922248076 0.0038816362102335948 -0.027553351169813008 -0.0091174437696085065 -0.0092813201846526135 -0.0041921459969563868
leaf_weight=14609.183889794396 8209.3485691323949 5217.7065839747156 894.9335030168204 15022.294347062707 3189.9828599636494 27.393430111784255 4729.0246493630111 10476.085087865591 22214.78010635078 398.77633678959683 236.28755953611108 186.55393361137249 36106.179519646801 1618.4892979509386 187.56639013270615 9184.7162263067439 135.11212078109384 119.06327157771739 5278.1700693945168 499.0588432726654 1150.6449522813055 703.90702736652383 1584.2007239116356 4836.1162830196772 10986.494222447276 2160.3809221684933 1484.020376847353 599.26604880446394 9.5906228527455806 57.010621446610457 106.06471708230674 138.35845291614169 2014.2625937111516 3529.1447168784216 148865.60419052839 3721.6583855524659 2753.4721054509282 7855.5223986562341 2889.528799877502 1664.2910464033484 6299.9502809941769 5.4095294061262384 2073.9904094765079 128.8692041770737 1683.7628785795532 475.55759052801659 162.67964217203917 3229.5254964205378 12.007339894771574 227.13332869485021 40.706814676632348 4.909985561440406 6.2970479383366182 535.04329014569521 12761.966881819069 1976.7063708129936 655.46355153247714 3840.0353659465909 1938.1871578767896 4768.5883897989988 1826.2255477135732 1856.9478280423209
leaf_count=242779 33873 1114940 27452 178528 15830669 228833 38575 37333 50993 3904 625 8105 231385 21289 14034 55408 432 2437 1077528 168184 71648 6945495 49284 67850 26294 12081 3851469 3403836 821 17955 954 143 269050 351259 982830 8524 81551 155635 71626 16888 7829 1824 1792507 19351 412350 556485 33071 549898 75 4755 21234 7696 1522 3993 323961 1193384 11008 37677 30547 60253 1740406 95318
internal_value=-0.000255313 -0.00853509 0.0147595 -0.00723261 -0.0294099 0.0156062 0.0163263 0.0129167 0.0145849 0.0195435 -0.0103846 0.0255132 0.0199332 0.0138573 0.0197929 0.0219318 0.0240434 0.0852382 -0.0355661 0.0236161 0.0146169 -0.0128114 -0.000119417 0.00541989 0.0164739 0.0184266 -0.0228031 -0.0150483 0.0351151 0.0798811 0.0623582 0.000728515 0.00754939 0.00571112 -0.00948966 0.0183985 -0.000425267 0.000285202 -0.00170407 -0.00574084 0.0197868 -0.00885335 -0.012146 0.011689 0.00419792 0.000332538 0.0145172 -0.0021411 0.0182673 0.0500719 0.0329751 0.145223 0.306467 0.0117916 -0.00341196 -0.00274941 -0.0059657 -0.00543382 -0.00708018 -0.0144485 0.000764885 0.00682344
internal_weight=380160 245037 135123 230647 14389.8 132145 124298 60347 49871 63951.2 821.618 422.841 63129.6 15627.9 9173.29 47501.7 36859.4 254.175 10495.9 36605.2 10642.3 3893.89 55557.1 6454.61 41661.6 30675.1 2978.22 2083.29 1328.72 178.075 168.485 51898.9 7507.99 7369.63 175090 8985.73 44390.9 41637.4 31925 17315.8 28514.7 62.4202 3658.19 9313.59 7846.68 5709.18 2137.5 5233.63 1974.82 291.055 279.047 51.9138 11.207 4256.7 14426.3 5206.23 26224.6 25569.1 21729.1 6706.78 5355.37 9712.47
internal_count=42657643 31459882 11197761 6491250 24968632 3915004 905701 168403 131070 737298 12634 8730 724664 154265 65126 570399 402438 2869 2192468 399569 167961 22776164 5190407 89139 97197 70903 7282757 7255305 93202 21554 20733 3348616 2360858 2360715 1300843 51092 987758 906207 655254 412475 58822 19779 1841791 74759 3009303 2528600 480703 1972115 447632 35282 35207 30452 9218 12517 340849 1743282 318013 307005 269328 90800 2091665 250953
is_linear=0
shrinkage=0.05


Tree=21
num_leaves=63
num_cat=0
split_feature=0 2 3 5 6 0 4 6 3 3 3 3 3 2 7 2 6 3 2 0 0 3 2 3 3 3 2 2 6 1 2 2 0 2 0 0 4 3 1 4 2 2 0 2 5 2 6 6 6 1 2 5 6 5 2 6 1 5 2 4 3 2
split_gain=16962.1 2519.94 1542.54 1376.74 574.512 382.471 305.111 408.184 286.744 275.913 484.41 264.345 240.746 229.03 208.337 179.513 162.507 159.838 158.46 411.18 166.715 159.49 152.817 158.527 244.083 144.167 140.752 136.577 144.211 663.433 162.85 135.83 241.633 205.79 196.579 188.992 163.205 128.813 329.112 176.174 249.068 165.893 127.966 127.45 126.622 124.534 124.454 123.486 120.406 194.759 116.981 116.482 112.451 111.88 111.011 110.972 156.291 131.418 180.144 230.999 203.316 135.544
threshold=1.5000000000000002 161794.78906250003 603132.68750000012 3.5000000000000004 175.50000000000003 2.5000000000000004 6.5000000000000009 10.500000000000002 79412.898437500015 168.74549865722659 1071.340515136719 999942.56250000012 2998203.1250000005 6133155.7500000009 1.0000000180025095e-35 32.725500106811531 6.5000000000000009 2350150.2500000005 513920.37500000006 21.500000000000004 48.500000000000007 4899.1608886718759 2427.547485351563 104.67199707031251 3163.888061523438 46060.814453125007 592464.93750000012 109.64049911499025 3.5000000000000004 0.071858864277601256 4031.795043945313 653416.40625000012 15.500000000000002 609141.59375000012 8.5000000000000018 7.5000000000000009 1.0000000180025095e-35 1.0000000180025095e-35 0.51086956262588512 1.0000000180025095e-35 378.61399841308599 378.61399841308599 3.5000000000000004 1031.2100219726565 11.500000000000002 496889.00000000006 15.500000000000002 4.5000000000000009 3.5000000000000004 0.12613636255264285 63.71049880981446 14.500000000000002 6.5000000000000009 2187.5000000000005 1627202.5000000002 12.500000000000002 0.20198300480842593 7.5000000000000009 19597.933593750004 1.5000000000000002 28.184000015258793 742.76950073242199
decision_type=2 2 2 2 2 2 2 2 2 2 2 2 2 2 2 2 2 2 2 2 2 2 2 2 2 2 2 2 2 2 2 2 2 2 2 2 2 2 2 2 2 2 2 2 2 2 2 2 2 2 2 2 2 2 2 2 2 2 2 2 2 2
left_child=1 3 5 9 11 8 13 -8 15 -1 -11 -3 53 18 25 -2 -4 -18 20 26 21 45 37 47 -25 27 -20 44 29 -29 -31 32 33 -28 35 -35 -33 38 46 43 -41 -39 -23 -40 -5 50 -17 54 -16 -50 -7 -44 -43 -6 -24 56 -52 58 59 -58 -60 -59
right_child=2 4 16 14 12 6 7 -9 -10 10 -12 -13 -14 -15 48 22 17 -19 19 -21 -22 42 23 24 -26 -27 31 28 -30 30 -32 36 -34 34 -36 -37 -38 41 39 40 -42 52 51 -45 -46 -47 -48 -49 49 -51 55 -53 -54 -55 -56 -57 57 61 60 -61 -62 -63
leaf_value=-0.009163014558417365 0.0032529876982076915 -0.027023227794012623 -0.040419399552290042 -0.0098942689198755155 -0.010458620876325733 -1.9605665591183991e-05 -0.046925985782288571 0.030348071401165685 -0.0068599964817101251 0.0089028328841145154 -0.016158175051694122 -0.043281371436790353 -0.039535097946371486 -0.043429218289327484 0.017085329996754179 0.027056422438460216 -0.0057808823925071546 -0.036795808341240591 -0.0064243064581684314 -0.045708681675648614 0.088085704729933975 -0.0052528201919497938 0.0058449939756816142 0.029064435749192992 0.0069249309269704936 -0.01054510900530649 0.0013952926042152291 0.11490202531086036 0.00067328348954049299 0.012569337514613609 -0.018832838697321927 0.0049807679868169169 0.17915434995922896 0.063898929389812106 -0.032371544047113718 0.23710370954730586 0.022989072752906882 0.0023463142198537337 0.016756535756013446 -0.0070609314514735941 0.027096412111473074 0.019865222833384294 0.038806712373604557 0.0061715334218413291 0.01017115682017489 0.056847190662920759 0.077850252366641573 0.023969337352915423 0.013777465689791116 -0.0027744110010811166 0.0018668438380909154 0.0072658121509662846 0.0051354726780293387 0.017731161433781131 -0.019075683710345792 0.03157401684894303 0.02122236883006939 0.012265970974831663 0.01068465168701152 0.0019501519487238998 0.04298922417368848 0.025942436927856388
leaf_weight=179062.80707788348 4800.9478103697475 5003.8050840442193 859.48779765145264 4647.7266794787538 2872.3825676010019 791.59232684809103 416.70345025323331 288.33747260180098 1952.8068409789121 5477.1497322171926 2974.5650403834879 5013.5700852050213 687.68314051078778 151.79081044736813 2532.5664677396562 4715.5889166686684 1475.2120775309249 577.51111103647418 790.63781337334513 307.76550579420291 85.611972108483315 1221.2692005605932 10955.315504081547 2240.4009951691041 2802.1220935920719 3295.4408882256175 307.02697129834269 149.0896563641727 19850.753619307023 2340.9804796054959 500.30147990584373 2730.6851957226609 27.777409817092121 262.9348704597578 50.121482695161831 15.958166886121033 2333.224812928318 4264.571739358631 24271.731556564569 1978.4770294576883 729.70343500375748 4125.0304039046168 422.30666559562087 3222.9405724704266 945.43442382539797 218.18723300116835 123.08651481733978 908.91321852083638 3141.8693322045583 4089.4873578883708 1310.0850992873311 950.90198506825254 1890.1793751539662 400.18711003296266 464.91813952475786 1793.5398867770418 24975.576447866857 2175.4264776334167 9928.112576417625 1658.2858750708401 511.34578447043896 10915.336999092251
leaf_count=1390736 26860 1019445 27452 128746 11368873 4150 10833 52735 1483942 58389 42523 1001908 6967310 17009 29350 36064 3851469 3403836 72505 4658 96 337715 47483 97475 507613 1835373 29398 418 2622456 28410 6783 11212 155 18108 463 383 421860 57457 55254 13720 2745 26782 3804 6972 117906 1746 9507 28245 147625 82535 15130 182236 90246 4611096 3139 100301 40673 14563 23776 8884 2035 47072
internal_value=-0.000248499 -0.00818072 0.0138202 -0.00692268 -0.0287903 0.0146022 0.0173702 -0.0153253 0.0120255 -0.00874633 8.17904e-05 -0.0351637 -0.012664 0.017731 0.00131862 0.012572 -0.0221752 -0.0145203 0.0178773 0.0106758 0.0187401 0.0186342 0.0132855 0.00929727 0.0167654 -0.000646789 0.0133446 0.000500725 0.00221554 0.0124497 0.00703527 0.0160741 0.0373282 0.0308628 0.0582736 0.0746214 0.0132811 0.014814 0.016258 0.0143176 0.00214917 0.00989078 0.00652023 0.015516 -0.00650132 0.0192131 0.0283643 0.00624177 0.00770502 0.00441793 0.0190602 0.0169869 0.0152383 -0.00700706 0.00482889 0.0193437 0.0189169 0.0193622 0.0178402 0.0200226 0.012271 0.0236708
internal_weight=379985 242986 136999 229008 13977.6 134087 64640.5 705.041 69446.7 187515 8451.71 10017.4 3960.25 63935.5 41493.7 67493.9 2912.21 2052.72 63783.7 6826.13 56957.6 56872 62693 17371.7 5042.52 31729.7 6518.37 28434.3 22841.1 2990.37 2841.28 5727.73 663.819 636.041 329.015 278.893 5063.91 45321.3 35041.5 30202.9 2708.18 10279.8 2594.48 27494.7 5593.16 54277.5 4838.68 12329.1 9763.92 7231.36 54059.3 1373.21 6015.21 3272.57 11420.2 53267.7 51474.2 50164.1 37073.3 26633.9 10439.5 13090.8
internal_count=42657643 31459882 11197761 6491250 24968632 3915004 1421500 63568 2493504 1491648 100912 2021353 22947279 1357932 4999602 1009562 7282757 7255305 1340923 558742 782181 782085 982702 683955 605088 4740092 554084 2904719 2658067 35611 35193 481579 48507 48352 18954 18491 433072 298747 124262 78691 16465 174485 523755 62226 246652 258330 45571 78867 259510 230160 256584 186040 117028 15979969 50622 252434 152133 137003 75368 49557 25811 61635
is_linear=0
shrinkage=0.05


Tree=22
num_leaves=63
num_cat=0
split_feature=0 3 3 5 6 3 5 3 3 3 2 2 0 4 2 2 3 6 2 2 4 3 6 3 3 2 6 3 0 2 2 1 3 3 6 6 6 2 6 1 2 0 1 2 6 1 0 1 2 4 0 0 1 3 6 0 4 1 5 2 2 5
split_gain=15228.1 2380 1385.8 1266.23 552.934 332.269 417.804 275.684 259.524 430.052 250.753 286.5 235.62 415.453 257.867 244.83 239.537 242.488 233.022 297.852 295.929 230.036 228.814 202.023 195.891 184.161 158.617 152.967 136.95 130.269 339.723 151.152 125.18 130.199 125.348 229.116 124.269 123.735 127.974 554.591 165.926 121.64 114.995 106.521 105.511 174.099 102.17 101.986 100.925 104.752 113.644 102.564 115.239 108.573 99.7832 102.687 99.7788 120.143 98.3205 312.59 255.695 96.5465
threshold=1.5000000000000002 155940.84375000003 603132.68750000012 3.5000000000000004 175.50000000000003 4899.1608886718759 3.5000000000000004 999942.56250000012 168.74549865722659 1071.340515136719 19597.933593750004 32.725500106811531 20.500000000000004 1.0000000180025095e-35 434170.00000000006 538.12799072265636 1.0000000180025095e-35 12.500000000000002 178402.61718750003 172811.97656250003 1.0000000180025095e-35 2998203.1250000005 51.500000000000007 168.74549865722659 28.184000015258793 1.0000000180025095e-35 6.5000000000000009 2350150.2500000005 2.5000000000000004 2239156.3750000005 2252547.2500000005 0.1440781503915787 46060.814453125007 145122.64843750003 22.500000000000004 12.500000000000002 8.5000000000000018 109.64049911499025 3.5000000000000004 0.04264411702752114 4031.795043945313 5.5000000000000009 0.083683475852012648 6293731.5000000009 3.5000000000000004 0.1440781503915787 2.5000000000000004 0.00045501081331167376 615271.03125000012 7.5000000000000009 11.500000000000002 3.5000000000000004 0.00089453440159559261 162653.66406250003 26.500000000000004 3.5000000000000004 1.0000000180025095e-35 0.49545454978942877 1.5000000000000002 1.0000000180025095e-35 32.725500106811531 9.5000000000000018
decision_type=2 2 2 2 2 2 2 2 2 2 2 2 2 2 2 2 2 2 2 2 2 2 2 2 2 2 2 2 2 2 2 2 2 2 2 2 2 2 2 2 2 2 2 2 2 2 2 2 2 2 2 2 2 2 2 2 2 2 2 2 2 2
left_child=1 3 5 8 7 6 10 36 58 -10 11 -2 15 -14 -15 16 17 41 19 22 -21 47 -17 54 -18 44 -4 46 -13 -25 -31 43 37 -34 35 -35 -3 42 39 -39 -41 56 -27 -32 -5 -46 -28 -6 51 50 -50 52 -7 -54 55 -20 -8 -58 -1 -60 -61 -22
right_child=2 4 26 25 21 48 12 -9 9 -11 -12 28 13 14 -16 18 24 -19 23 20 61 -23 -24 29 -26 32 27 -29 -30 30 31 -33 33 34 -36 -37 -38 38 -40 40 -42 -43 -44 -45 45 -47 -48 -49 49 -51 -52 -53 53 -55 -56 -57 57 -59 59 60 -62 -63
leaf_value=-0.0093316434315614243 0.00077326267237008434 -0.033561441472455274 -0.040008892506385486 0.015955504424845213 0.016666789822012067 0.093084311632739114 0.023083749449062971 -0.042970432881101549 0.0083823426430741175 -0.015369483504811902 0.0043333669540025687 0.012460044138030101 -0.048285719973205771 0.056881767888868166 -0.022053554853002616 0.021003286248375205 -0.010471374860311564 0.069760742016589924 -0.0011755342041843376 0.11737498165634841 0.063179494586823579 -0.039100862324063755 -0.015372033083582965 0.024250667637391313 0.0096006253315223632 0.0095647697584135705 -0.016688383834232722 -0.036290771185211845 0.01887852848489175 0.33994327672997687 -0.032724364628121339 0.084721620816313001 -0.012666375308877273 -0.0019453672167472043 -0.020967644840058006 0.136587508313155 -0.017730315351542753 0.13443140266687775 0.00063918770796678865 0.013430923204459481 -0.017772612738597243 -0.0074307623908257073 -0.0094941681769050313 0.16604629493089457 0.011432895845532436 -0.004080616927366121 0.010052334969946404 -0.010102727701914137 0.019923937496335128 -0.027140844695122165 0.11139525617560027 0.012639939806192791 0.0019350995720145169 -0.014297010033551733 0.05194206079338335 0.012027968507624689 0.021769548622701744 0.0056819910837101334 -0.0026783936333367379 -0.025357962629175852 -0.0082626419402940503 -0.025224833512385633
leaf_weight=146061.11553125791 4526.9637651890371 2659.9098541410767 825.75890636258373 2575.2365919202566 405.21446264338374 30.753853108784824 4010.9650209639221 4802.7108906289795 5525.1728604063392 2907.9282759465277 10596.142902590334 35892.161885894835 374.03581734001637 246.68123936076881 176.9647965164404 37641.435926722828 1612.4729075632422 212.61531547714549 1827.1341964127532 157.55802715755999 54.405555851757526 661.23811717057288 436.67411504265328 1207.808250107686 4928.5990320957935 954.91609986389085 854.39574936436838 556.81233420337958 10821.697549521923 9.901951211926642 57.535064744410192 120.69320368766785 2944.1589050787552 65.481908295303583 75.057171088679752 53.801264947280288 2329.2862866528449 88.3004130423069 19863.874323929227 2420.0486393421888 516.11178505420685 527.90313166566193 4602.6294104820117 6.6204760142354635 3865.5150991523697 3396.943801574409 612.44500284372225 2869.7385393841359 931.72197181114461 114.42758968209819 34.308606552935089 1582.0063664155314 3806.6024422814226 1411.3284730284795 139.37474703310727 7583.9622814059258 1988.2962959911674 2788.0789658017457 20768.842367291451 3081.034009758383 7540.5349816344678 68.90641308783961
leaf_count=982830 18350 111595 27452 29350 4599468 231750 16985 1001908 58389 42025 37333 99035 3904 625 8105 236944 21289 14034 18753 432 303 6967310 162625 71648 67850 117906 2543834 3403836 13685 444 18321 965 1624200 3647 110250 2584 930139 108 2622456 28593 6910 1503 128746 1824 161905 68255 1307635 11453402 757642 29503 2298 229067 775941 983102 19351 36655 17623 14981 252262 51026 104618 2134
internal_value=-0.000241447 -0.00783818 0.012953 -0.0066171 -0.0280546 0.0136764 0.014291 -0.0344166 -0.00837872 0.000191313 0.0113356 0.0127835 0.0170523 -0.00994775 0.0239347 0.0173818 0.0120205 0.0170783 0.0191286 0.0209655 0.0721888 -0.0122235 0.0205857 0.0126944 0.00465173 0.00128831 -0.0215512 -0.0140034 0.0139473 0.0304086 0.0682803 0.0519771 -0.000572393 -0.0100473 0.0294926 0.0611543 -0.0261755 0.000473308 0.0020983 0.011678 0.00794185 0.0158685 -0.00621827 -0.00997875 0.00726162 0.00417704 -0.00552418 -0.00678642 0.00373158 0.0179239 0.0232844 0.00148439 -0.00187977 -0.00245721 0.01009 0.0094647 0.0172689 0.012382 -0.00878599 -0.00624683 -0.0132235 0.0139739
internal_weight=379811 241035 138776 227307 13728.1 135927 128016 9791.91 185885 8433.1 61837 51240.8 66178.6 797.682 423.646 65380.9 16068.9 9527.86 49312 38359 280.87 3936.19 38078.1 10953 6541.07 41422.1 2849.41 2023.65 46713.9 1402.56 194.751 184.849 31584.4 3138.5 194.34 119.283 4989.2 28445.9 22888.3 3024.46 2936.16 9315.24 5557.55 64.1555 9837.7 7262.46 1466.84 3274.95 7911.15 1080.46 966.031 6830.69 5248.68 5217.93 9550.47 9411.1 8787.34 4776.38 177452 31390.4 10621.6 123.312
internal_count=42657643 31459882 11197761 6396060 25063822 3915004 905701 2043642 1491150 100414 168403 131070 737298 12634 8730 724664 154265 65126 570399 402438 2869 23020180 399569 167961 89139 4904910 7282757 7255305 112720 93202 21554 21110 4645400 1740681 116481 6231 1041734 2904719 2658067 35611 35503 51092 246652 20145 259510 230160 3851469 16052870 3009303 789443 759940 2219860 1990793 1759043 74759 55408 49589 32604 1390736 407906 155644 2437
is_linear=0
shrinkage=0.05


end of trees

feature_importances:
seconds_since_first_view=405
seconds_since_last_view=279
distinct_items_viewed=195
view_share=167
view_count=144
revisit_count=127
user_total_views=96
is_last_viewed=13

parameters:
[boosting: gbdt]
[objective: binary]
[metric: average_precision]
[tree_learner: serial]
[device_type: cpu]
[data_sample_strategy: bagging]
[data: ]
[valid: ]
[num_iterations: 3000]
[learning_rate: 0.05]
[num_leaves: 63]
[num_threads: 0]
[seed: 42]
[deterministic: 0]
[force_col_wise: 0]
[force_row_wise: 0]
[histogram_pool_size: -1]
[max_depth: -1]
[min_data_in_leaf: 1000]
[min_sum_hessian_in_leaf: 0.001]
[bagging_fraction: 1]
[pos_bagging_fraction: 1]
[neg_bagging_fraction: 1]
[bagging_freq: 0]
[bagging_seed: 400]
[bagging_by_query: 0]
[feature_fraction: 1]
[feature_fraction_bynode: 1]
[feature_fraction_seed: 30056]
[extra_trees: 0]
[extra_seed: 12879]
[early_stopping_round: 0]
[early_stopping_min_delta: 0]
[first_metric_only: 0]
[max_delta_step: 0]
[lambda_l1: 0]
[lambda_l2: 1]
[linear_lambda: 0]
[min_gain_to_split: 0]
[drop_rate: 0.1]
[max_drop: 50]
[skip_drop: 0.5]
[xgboost_dart_mode: 0]
[uniform_drop: 0]
[drop_seed: 17869]
[top_rate: 0.2]
[other_rate: 0.1]
[min_data_per_group: 100]
[max_cat_threshold: 32]
[cat_l2: 10]
[cat_smooth: 10]
[max_cat_to_onehot: 4]
[top_k: 20]
[monotone_constraints: ]
[monotone_constraints_method: basic]
[monotone_penalty: 0]
[feature_contri: ]
[forcedsplits_filename: ]
[refit_decay_rate: 0.9]
[cegb_tradeoff: 1]
[cegb_penalty_split: 0]
[cegb_penalty_feature_lazy: ]
[cegb_penalty_feature_coupled: ]
[path_smooth: 0]
[interaction_constraints: ]
[verbosity: -1]
[saved_feature_importance_type: 0]
[use_quantized_grad: 0]
[num_grad_quant_bins: 4]
[quant_train_renew_leaf: 0]
[stochastic_rounding: 1]
[linear_tree: 0]
[max_bin: 255]
[max_bin_by_feature: ]
[min_data_in_bin: 3]
[bin_construct_sample_cnt: 200000]
[data_random_seed: 175]
[is_enable_sparse: 1]
[enable_bundle: 1]
[use_missing: 1]
[zero_as_missing: 0]
[feature_pre_filter: 1]
[pre_partition: 0]
[two_round: 0]
[header: 0]
[label_column: ]
[weight_column: ]
[group_column: ]
[ignore_column: ]
[categorical_feature: ]
[forcedbins_filename: ]
[precise_float_parser: 0]
[parser_config_file: ]
[objective_seed: 16083]
[num_class: 1]
[is_unbalance: 0]
[scale_pos_weight: 1]
[sigmoid: 1]
[boost_from_average: 1]
[reg_sqrt: 0]
[alpha: 0.9]
[fair_c: 1]
[poisson_max_delta_step: 0.7]
[tweedie_variance_power: 1.5]
[lambdarank_truncation_level: 30]
[lambdarank_norm: 1]
[label_gain: ]
[lambdarank_position_bias_regularization: 0]
[eval_at: ]
[multi_error_top_k: 1]
[auc_mu_weights: ]
[num_machines: 1]
[local_listen_port: 12400]
[time_out: 120]
[machine_list_filename: ]
[machines: ]
[gpu_platform_id: -1]
[gpu_device_id: -1]
[gpu_device_id_list: ]
[gpu_use_dp: 0]
[num_gpu: 1]

end of parameters

pandas_categorical:[]
